RollLongRight,RollLongTrd,RollShortRight,RollShortTrd,rollret,theRet,ticker
0,4,0,0,0.02025209,0.02025209,AAL
0,4,0,0,0.02025209,0.0,AAMC
0,4,0,0,0.02025209,0.0,AAOI
0,4,0,0,0.02025209,0.0,AAP
0,7,0,0,0.02025209,0.0,AAU
0,7,0,0,0.02025209,0.0,AAXJ
0,7,0,0,0.02025209,0.0,AB
0,7,0,0,0.02025209,0.0,ABAX
0,7,0,0,0.02025209,0.0,ABB
0,7,0,2,0.04434583,0.02409374,ABBV
0,7,0,2,0.04434583,0.0,ABC
0,7,0,3,0.04537662,0.00103079,ABCB
0,7,0,3,0.04537662,0.0,ABCD
0,7,0,3,0.04537662,0.0,ABE
0,7,0,3,0.04537662,0.0,ABM
0,7,0,3,0.04537662,0.0,ABMD
0,7,0,3,0.04537662,0.0,ABT
0,7,0,3,0.04537662,0.0,ABTL
0,7,0,3,0.04537662,0.0,ABTX
0,7,0,3,0.04537662,0.0,ABX
0,7,0,3,0.04537662,0.0,ACAD
0,8,0,3,0.04852029,0.00314367,ACAS
0,8,0,3,0.04852029,0.0,ACBI
0,8,0,3,0.04852029,0.0,ACGL
0,8,0,3,0.04852029,0.0,ACH
2,10,0,3,0.07298057,0.02446028,ACHC
2,10,0,3,0.07298057,0.0,ACHN
2,10,0,3,0.07298057,0.0,ACIW
2,11,0,3,0.09195268,0.01897211,ACLS
3,12,0,3,0.10476102,0.01280834,ACM
5,14,0,3,0.10121805,-0.00354297,ACN
5,14,0,3,0.10121805,0.0,ACNB
5,14,0,3,0.10121805,0.0,ACOR
5,14,0,3,0.10121805,0.0,ACP
5,14,0,4,0.10121805,0.0,ACTA
5,14,0,4,0.10121805,0.0,ACV
5,14,0,4,0.10121805,0.0,ACWI
5,14,0,4,0.10121805,0.0,ACWX
5,15,0,4,0.09647899,-0.00473906,ADBE
5,15,0,4,0.09647899,0.0,ADI
5,15,0,4,0.09647899,0.0,ADM
5,15,0,5,0.10917757,0.01269858,ADMA
5,15,0,5,0.10917757,0.0,ADMS
5,15,0,6,0.11035574,0.00117817,ADP
5,15,0,9,0.11035574,0.0,ADRD
5,15,0,9,0.11035574,0.0,ADRE
5,15,0,10,0.14176328,0.03140754,ADRO
5,15,0,10,0.14176328,0.0,ADRU
5,15,0,10,0.14176328,0.0,ADSK
5,15,0,10,0.14176328,0.0,ADTN
5,15,0,10,0.14176328,0.0,ADUS
5,15,0,10,0.14176328,0.0,ADVM
5,15,0,10,0.14176328,0.0,ADX
5,15,0,10,0.14176328,0.0,ADXS
6,16,0,10,0.17314051,0.03137723,AE
6,16,0,10,0.17314051,0.0,AED
6,16,0,10,0.17314051,0.0,AEG
7,17,0,11,0.17429551,0.001155,AEH
7,17,0,11,0.17429551,0.0,AEIS
7,17,0,11,0.17429551,0.0,AEK
7,17,0,12,0.18165389,0.00735838,AEL
7,17,0,12,0.18165389,0.0,AEM
7,18,0,12,0.18165389,0.0,AERI
7,18,0,12,0.18165389,0.0,AET
8,19,0,12,0.19333407,0.01168018,AEUA
8,19,0,12,0.19333407,0.0,AF
8,19,0,12,0.19333407,0.0,AFC
8,19,0,12,0.19333407,0.0,AFCO
9,20,0,12,0.19444259,0.00110852,AFG
9,20,0,12,0.19444259,0.0,AFL
9,20,0,12,0.19444259,0.0,AFMD
9,20,0,12,0.19444259,0.0,AFSI
9,20,0,12,0.19444259,0.0,AFSS
9,20,0,12,0.19444259,0.0,AFST
9,20,0,12,0.19444259,0.0,AFT
10,21,0,12,0.19747749,0.0030349,AFW
10,21,0,12,0.19747749,0.0,AG
10,21,0,12,0.19747749,0.0,AGC
10,21,0,12,0.19747749,0.0,AGD
10,21,0,12,0.19747749,0.0,AGEN
10,21,0,12,0.19747749,0.0,AGI
10,21,1,14,0.20111532,0.00363783,AGII
10,21,1,14,0.20111532,0.0,AGIO
10,21,1,14,0.20111532,0.0,AGN
10,21,1,14,0.20111532,0.0,AGN-PA
10,21,1,14,0.20111532,0.0,AGO
10,22,1,14,0.23044831,0.02933299,AGRO
10,22,1,14,0.23044831,0.0,AGTC
10,22,1,15,0.24011957,0.00967126,AGYS
10,22,1,15,0.24011957,0.0,AHL
10,22,1,15,0.24011957,0.0,AHL-PB
10,22,1,15,0.24011957,0.0,AHL-PC
10,22,1,15,0.24011957,0.0,AHS
10,22,1,15,0.24011957,0.0,AIA
11,23,1,15,0.24050852,0.00038895,AIB
11,23,1,16,0.24050852,0.0,AIN
11,23,1,16,0.24050852,0.0,AIR
11,23,1,16,0.24050852,0.0,AIRR
11,24,1,16,0.24050852,0.0,AIY
11,25,1,16,0.24156178,0.00105326,AIZ
11,25,1,16,0.24156178,0.0,AJG
11,25,1,16,0.24156178,0.0,AJRD
11,25,1,16,0.24156178,0.0,AKAM
11,25,1,16,0.24156178,0.0,AKBA
11,25,1,16,0.24156178,0.0,AKG
11,25,1,16,0.24156178,0.0,AKR
11,25,1,16,0.24156178,0.0,AL
11,25,1,16,0.24156178,0.0,ALB
11,25,1,17,0.28677603,0.04521425,ALDR
11,25,1,17,0.28677603,0.0,ALDW
13,27,1,17,0.3000981,0.01332207,ALG
13,27,1,17,0.3000981,0.0,ALGN
13,27,1,17,0.3000981,0.0,ALK
13,27,1,18,0.30225997,0.00216187,ALL
13,27,1,18,0.30225997,0.0,ALLE
13,27,1,18,0.30225997,0.0,ALLY
13,27,1,18,0.30225997,0.0,ALNY
13,27,1,18,0.30225997,0.0,ALOG
13,27,1,18,0.30225997,0.0,ALQA
13,27,1,18,0.30225997,0.0,ALSN
13,27,1,18,0.30225997,0.0,ALV
13,27,1,18,0.30225997,0.0,ALXN
13,27,1,19,0.30225997,0.0,AMAT
13,27,1,19,0.30225997,0.0,AMBR
13,27,1,21,0.29830841,-0.00395156,AMCX
13,27,1,21,0.29830841,0.0,AMD
13,27,1,21,0.29830841,0.0,AME
13,27,1,21,0.29830841,0.0,AMED
13,27,1,21,0.29830841,0.0,AMFW
13,27,1,21,0.29830841,0.0,AMG
13,27,1,22,0.30978056,0.01147215,AMGN
14,28,1,22,0.30443772,-0.00534284,AMKR
14,28,1,22,0.30443772,0.0,AMOV
14,28,1,22,0.30443772,0.0,AMP
14,28,1,22,0.30443772,0.0,AMPH
14,31,1,24,0.30443772,0.0,AMRN
14,31,1,24,0.30443772,0.0,AMSF
14,31,1,24,0.30443772,0.0,AMSG
14,31,1,24,0.30443772,0.0,AMT
14,32,1,24,0.30443772,0.0,AMTX
14,32,1,24,0.30443772,0.0,AMX
14,32,1,24,0.30443772,0.0,AMZN
14,32,1,25,0.30443772,0.0,ANAC
14,32,1,25,0.30443772,0.0,ANAT
14,32,1,25,0.30443772,0.0,ANCX
14,32,1,25,0.30443772,0.0,ANDE
14,32,1,25,0.30443772,0.0,ANET
14,32,1,25,0.30443772,0.0,ANGO
14,33,1,25,0.29325075,-0.01118697,ANIP
14,33,1,25,0.29325075,0.0,ANSS
14,33,1,25,0.29325075,0.0,ANTH
14,33,1,25,0.29325075,0.0,ANTM
14,33,1,25,0.29325075,0.0,ANTX
14,33,2,26,0.30481157,0.01156082,ANY
14,33,2,26,0.30481157,0.0,AOD
14,33,2,26,0.30481157,0.0,AON
14,33,2,26,0.30481157,0.0,AOS
14,33,2,27,0.31626938,0.01145781,APA
14,34,2,27,0.31848664,0.00221726,APAM
14,34,2,27,0.31848664,0.0,APB
14,34,2,27,0.31848664,0.0,APC
14,34,2,27,0.31848664,0.0,APD
14,34,2,27,0.31848664,0.0,APF
14,34,2,27,0.31848664,0.0,APH
14,34,2,27,0.31848664,0.0,APIC
14,34,2,28,0.31848664,0.0,APO
14,34,2,28,0.31848664,0.0,APOG
14,34,2,28,0.31848664,0.0,APPF
14,34,2,29,0.34885774,0.0303711,APT
15,35,2,29,0.35938415,0.01052641,ARC
15,35,2,29,0.35938415,0.0,ARCB
15,35,2,29,0.35938415,0.0,ARCC
15,35,2,30,0.35938415,0.0,ARES
15,35,2,30,0.35938415,0.0,ARIA
15,35,2,30,0.35938415,0.0,ARMH
15,35,2,30,0.35938415,0.0,ARMK
15,35,2,30,0.35938415,0.0,ARNA
15,35,2,30,0.35938415,0.0,AROW
15,35,2,30,0.35938415,0.0,ARRS
15,35,2,30,0.35938415,0.0,ARRY
15,35,2,30,0.35938415,0.0,ARW
15,35,2,30,0.35938415,0.0,ARWR
15,35,2,30,0.35938415,0.0,ASA
15,35,2,30,0.35938415,0.0,ASB
15,35,2,30,0.35938415,0.0,ASCMA
15,35,2,30,0.35938415,0.0,ASG
15,35,2,30,0.35938415,0.0,ASGN
15,35,2,30,0.35938415,0.0,ASH
15,35,2,30,0.35938415,0.0,ASM
15,35,2,30,0.35938415,0.0,ASML
15,35,2,30,0.35938415,0.0,ASPN
15,35,2,30,0.35938415,0.0,ASR
15,35,2,30,0.35938415,0.0,ASX
15,35,2,30,0.35938415,0.0,ATEN
15,35,2,35,0.35938415,0.0,ATOS
15,35,2,35,0.35938415,0.0,ATR
16,36,2,35,0.37787059,0.01848644,ATRA
16,36,2,36,0.4098135,0.03194291,ATRC
16,36,2,36,0.4098135,0.0,ATRS
16,36,2,36,0.4098135,0.0,ATU
16,36,2,36,0.4098135,0.0,ATVI
16,36,2,36,0.4098135,0.0,AU
16,36,3,37,0.42193486,0.01212136,AUDC
16,36,3,37,0.42193486,0.0,AUMN
16,36,3,37,0.42193486,0.0,AUO
16,36,3,37,0.42193486,0.0,AUY
16,36,3,37,0.42193486,0.0,AV
16,36,3,38,0.43263015,0.01069529,AVEO
17,37,3,38,0.4363626,0.00373245,AVG
17,37,3,38,0.4363626,0.0,AVGO
17,39,3,38,0.4363626,0.0,AVP
17,39,4,40,0.45607951,0.01971691,AVT
17,39,4,40,0.45607951,0.0,AVV
17,39,4,40,0.45607951,0.0,AVX
18,40,4,40,0.46573335,0.00965384,AVY
18,42,4,40,0.46573335,0.0,AWP
18,42,4,40,0.46573335,0.0,AXE
18,42,4,40,0.46573335,0.0,AXP
18,42,4,40,0.46573335,0.0,AXS
18,42,4,40,0.46573335,0.0,AXSM
18,42,4,40,0.46573335,0.0,AXTA
18,42,4,40,0.46573335,0.0,AXTI
18,42,4,40,0.46573335,0.0,AXU
18,42,4,40,0.46573335,0.0,AYI
18,44,4,40,0.46573335,0.0,AZO
18,44,4,40,0.46573335,0.0,AZPN
18,44,4,40,0.46573335,0.0,AZZ
18,44,4,40,0.46573335,0.0,B
18,45,4,40,0.46581213,7.878e-05,BA
18,45,4,40,0.46581213,0.0,BAA
18,46,4,40,0.46999971,0.00418758,BABA
18,46,4,40,0.46999971,0.0,BAC
18,46,4,40,0.46999971,0.0,BAC-PE
19,47,4,40,0.47561031,0.0056106,BAC-PI
19,47,4,40,0.47561031,0.0,BAF
19,47,4,40,0.47561031,0.0,BAH
19,47,4,40,0.47561031,0.0,BAM
19,47,4,40,0.47561031,0.0,BANC
19,47,4,40,0.47561031,0.0,BANF
19,47,4,40,0.47561031,0.0,BANR
20,48,4,40,0.49050655,0.01489624,BAX
20,48,4,40,0.49050655,0.0,BBC
20,48,4,40,0.49050655,0.0,BBCN
20,48,4,40,0.49050655,0.0,BBF
20,48,4,40,0.49050655,0.0,BBH
20,48,4,40,0.49050655,0.0,BBN
20,48,4,40,0.49050655,0.0,BBP
20,48,4,40,0.49050655,0.0,BBRY
20,48,4,42,0.49050655,0.0,BBT
21,49,4,42,0.48675709,-0.00374946,BBT-PD
21,49,4,42,0.48675709,0.0,BBVA
21,49,4,42,0.48675709,0.0,BBX
21,49,4,42,0.48675709,0.0,BC
21,49,4,44,0.48675709,0.0,BCO
22,50,4,44,0.53244749,0.0456904,BCOV
22,50,4,44,0.53244749,0.0,BCR
22,50,4,44,0.53244749,0.0,BCRX
22,51,4,44,0.55064253,0.01819504,BCS
22,51,4,44,0.55064253,0.0,BCS-P
22,51,4,44,0.55064253,0.0,BCS-PD
22,51,4,44,0.55064253,0.0,BCV
22,51,4,45,0.56839348,0.01775095,BDC
22,51,4,45,0.56839348,0.0,BDGE
22,51,4,45,0.56839348,0.0,BDJ
22,51,4,45,0.56839348,0.0,BDN
22,51,4,45,0.56839348,0.0,BDX
22,51,4,45,0.56839348,0.0,BEAV
22,51,4,45,0.56839348,0.0,BECN
22,51,4,45,0.56839348,0.0,BELFB
22,51,4,45,0.56839348,0.0,BEN
22,51,4,47,0.58331918,0.0149257,BERY
22,51,4,49,0.58331918,0.0,BFAM
22,51,4,49,0.58331918,0.0,BFIN
22,51,4,49,0.58331918,0.0,BFK
22,51,4,49,0.58331918,0.0,BFO
22,54,4,49,0.58331918,0.0,BG
22,54,4,49,0.58331918,0.0,BGC
22,54,4,49,0.58331918,0.0,BGCP
22,54,4,50,0.58943887,0.00611969,BGH
23,55,4,50,0.59015137,0.0007125,BGR
23,55,4,50,0.59015137,0.0,BGY
23,55,4,50,0.59015137,0.0,BHBK
24,57,4,50,0.61105451,0.02090314,BHE
24,59,4,50,0.61105451,0.0,BHL
24,59,4,50,0.61105451,0.0,BHLB
24,59,4,50,0.61105451,0.0,BIB
24,59,4,50,0.61105451,0.0,BID
24,59,4,50,0.61105451,0.0,BIDU
25,60,4,50,0.61472424,0.00366973,BIF
25,60,4,50,0.61472424,0.0,BIIB
26,61,4,50,0.62289793,0.00817369,BIO
26,61,4,50,0.62289793,0.0,BIS
27,62,4,50,0.57971462,-0.04318331,BITA
27,62,4,50,0.57971462,0.0,BITE
27,62,4,50,0.57971462,0.0,BJRI
27,62,4,50,0.57971462,0.0,BK
27,62,4,50,0.57971462,0.0,BKK
27,62,4,50,0.57971462,0.0,BKMU
27,62,4,50,0.57971462,0.0,BKN
27,63,4,50,0.57971462,0.0,BLCM
27,63,4,50,0.57971462,0.0,BLD
27,63,4,51,0.61118575,0.03147113,BLDR
27,63,4,51,0.61118575,0.0,BLE
27,63,4,51,0.61118575,0.0,BLK
27,63,4,51,0.61118575,0.0,BLKB
27,63,4,51,0.61118575,0.0,BLL
27,63,4,51,0.61118575,0.0,BLMT
27,63,4,51,0.61118575,0.0,BLOX
27,63,4,51,0.61118575,0.0,BLUE
27,63,4,51,0.61118575,0.0,BLW
28,64,4,51,0.61615799,0.00497224,BLX
28,64,4,51,0.61615799,0.0,BME
28,64,4,58,0.61615799,0.0,BMRN
28,64,4,58,0.61615799,0.0,BMS
28,64,4,58,0.61615799,0.0,BMTC
28,64,4,58,0.61615799,0.0,BMY
28,64,4,58,0.61615799,0.0,BNCL
28,64,4,58,0.61615799,0.0,BNCN
28,64,4,58,0.61615799,0.0,BNDX
28,64,4,58,0.61615799,0.0,BNFT
28,64,4,58,0.61615799,0.0,BNK
28,64,4,58,0.61615799,0.0,BNS
28,64,4,58,0.61615799,0.0,BOCH
28,64,4,58,0.61615799,0.0,BOE
28,64,4,58,0.61615799,0.0,BOFI
28,64,4,58,0.61615799,0.0,BOH
28,64,4,58,0.61615799,0.0,BOI
28,64,4,58,0.61615799,0.0,BOJA
28,64,4,58,0.61615799,0.0,BOKF
28,64,4,60,0.61615799,0.0,BPFH
28,64,4,60,0.61615799,0.0,BPL
28,64,4,60,0.61615799,0.0,BPMC
28,64,4,60,0.61615799,0.0,BPOP
28,64,4,60,0.61615799,0.0,BPY
28,67,4,60,0.61615799,0.0,BRC
28,67,4,60,0.61615799,0.0,BREW
28,67,4,60,0.61615799,0.0,BRKL
28,67,4,60,0.61615799,0.0,BRKS
28,67,4,61,0.61615799,0.0,BSET
28,67,4,61,0.61615799,0.0,BSFT
28,67,4,61,0.61615799,0.0,BSL
28,67,4,61,0.61615799,0.0,BSMX
28,67,4,62,0.58717045,-0.02898754,BSQR
28,67,4,62,0.58717045,0.0,BSRR
28,67,4,62,0.58717045,0.0,BST
28,67,4,62,0.58717045,0.0,BSX
28,67,4,62,0.58717045,0.0,BT
28,67,4,62,0.58717045,0.0,BTA
28,67,4,62,0.58717045,0.0,BTG
28,67,5,63,0.6117467,0.02457625,BTI
28,67,5,63,0.6117467,0.0,BTO
28,67,5,63,0.6117467,0.0,BTT
28,67,5,63,0.6117467,0.0,BTX
28,67,6,65,0.60874822,-0.00299848,BUD
28,67,6,65,0.60874822,0.0,BURL
29,68,6,65,0.62932893,0.02058071,BUSE
29,68,6,65,0.62932893,0.0,BV
29,68,6,65,0.62932893,0.0,BVN
29,68,6,65,0.62932893,0.0,BWA
29,68,6,65,0.62932893,0.0,BWFG
29,68,6,65,0.62932893,0.0,BWXT
29,69,6,65,0.64188053,0.0125516,BX
29,69,6,65,0.64188053,0.0,BXMT
29,69,6,66,0.64188053,0.0,BXS
29,69,6,66,0.64188053,0.0,BYD
29,69,6,66,0.64188053,0.0,BZH
29,69,6,69,0.64188053,0.0,C
30,70,6,69,0.64609405,0.00421352,C-PK
30,70,6,69,0.64609405,0.0,CA
30,70,6,70,0.67291969,0.02682564,CAA
30,70,6,71,0.68230943,0.00938974,CAAS
30,70,6,72,0.6911218,0.00881237,CAB
30,70,6,72,0.6911218,0.0,CABO
30,70,6,72,0.6911218,0.0,CAC
30,70,6,72,0.6911218,0.0,CACB
30,71,6,72,0.6911218,0.0,CAE
30,71,6,72,0.6911218,0.0,CAF
30,75,6,73,0.6911218,0.0,CAH
30,75,6,73,0.6911218,0.0,CAJ
30,75,6,75,0.6911218,0.0,CALA
30,75,6,75,0.6911218,0.0,CALX
30,75,6,75,0.6911218,0.0,CAMP
30,75,6,75,0.6911218,0.0,CARB
30,75,6,75,0.6911218,0.0,CARO
30,75,6,75,0.6911218,0.0,CART
30,75,6,75,0.6911218,0.0,CARZ
30,75,6,75,0.6911218,0.0,CASH
31,76,6,75,0.69715365,0.00603185,CAT
32,77,6,75,0.67785092,-0.01930273,CATM
32,77,6,75,0.67785092,0.0,CATO
32,77,6,75,0.67785092,0.0,CATY
32,77,6,78,0.67785092,0.0,CAW
32,77,6,78,0.67785092,0.0,CB
32,77,7,79,0.68137826,0.00352734,CBA
32,77,7,79,0.68137826,0.0,CBAK
32,77,7,79,0.68137826,0.0,CBAN
32,77,7,79,0.68137826,0.0,CBF
32,78,7,83,0.68137826,0.0,CBPO
32,78,7,83,0.68137826,0.0,CBPX
32,78,7,83,0.68137826,0.0,CBR
32,78,7,83,0.68137826,0.0,CBRL
32,78,7,83,0.68137826,0.0,CBS
33,79,7,83,0.68892388,0.00754562,CBSH
33,79,7,83,0.68892388,0.0,CBT
33,79,7,83,0.68892388,0.0,CBU
33,79,7,83,0.68892388,0.0,CCBG
33,79,7,85,0.68892388,0.0,CCE
33,79,8,86,0.69518368,0.0062598,CCI
33,79,8,86,0.69518368,0.0,CCJ
34,80,8,86,0.70159524,0.00641156,CCK
34,80,8,86,0.70159524,0.0,CCL
34,80,8,86,0.70159524,0.0,CCNE
34,80,8,86,0.70159524,0.0,CCOI
34,80,8,86,0.70159524,0.0,CCRN
35,81,8,86,0.70653232,0.00493708,CDC
35,81,8,86,0.70653232,0.0,CDE
35,81,8,86,0.70653232,0.0,CDK
35,81,8,86,0.70653232,0.0,CDL
35,81,8,86,0.70653232,0.0,CDNS
35,84,8,86,0.70653232,0.0,CDXS
35,84,8,88,0.73138797,0.02485565,CEA
35,84,8,88,0.73138797,0.0,CEB
35,84,9,89,0.7330468,0.00165883,CEE
35,84,9,89,0.7330468,0.0,CEF
35,84,9,89,0.7330468,0.0,CEL
35,84,9,90,0.77552327,0.04247647,CELG
35,84,10,91,0.78131293,0.00578966,CEM
35,84,10,91,0.78131293,0.0,CEMP
35,84,10,91,0.78131293,0.0,CEO
35,87,10,91,0.78131293,0.0,CERS
35,87,10,91,0.78131293,0.0,CET
35,87,11,92,0.77174348,-0.00956945,CETV
35,87,11,92,0.77174348,0.0,CEVA
35,87,11,92,0.77174348,0.0,CFA
35,88,11,92,0.77174348,0.0,CFCB
35,88,11,92,0.77174348,0.0,CFFN
35,88,11,92,0.77174348,0.0,CFG
35,91,11,92,0.77174348,0.0,CFNB
36,92,11,92,0.78069529,0.00895181,CFNL
36,92,11,92,0.78069529,0.0,CFO
37,93,11,92,0.79316057,0.01246528,CFR
37,93,11,92,0.79316057,0.0,CG
37,93,12,93,0.80819845,0.01503788,CGA
37,93,12,93,0.80819845,0.0,CGEN
38,94,12,93,0.81919764,0.01099919,CGO
39,95,12,93,0.81097631,-0.00822133,CHA
39,95,12,93,0.81097631,0.0,CHCO
39,95,12,93,0.81097631,0.0,CHCT
39,97,12,93,0.83725225,0.02627594,CHD
39,97,12,93,0.83725225,0.0,CHDN
39,97,12,93,0.83725225,0.0,CHE
39,97,12,93,0.83725225,0.0,CHFC
39,97,12,93,0.83725225,0.0,CHGG
39,97,12,95,0.85709431,0.01984206,CHI
39,97,12,95,0.85709431,0.0,CHKE
39,97,12,95,0.85709431,0.0,CHKP
39,97,12,95,0.85709431,0.0,CHL
40,98,12,95,0.86086079,0.00376648,CHMG
40,99,12,95,0.86086079,0.0,CHMI
40,99,12,95,0.86086079,0.0,CHMT
41,100,12,95,0.86367571,0.00281492,CHN
41,100,12,95,0.86367571,0.0,CHRS
41,100,12,98,0.86367571,0.0,CHSP
41,101,12,98,0.86367571,0.0,CHU
41,101,13,99,0.88103675,0.01736104,CHUY
41,101,13,99,0.88103675,0.0,CHW
41,101,13,99,0.88103675,0.0,CHY
42,102,13,99,0.8931914,0.01215465,CI
42,102,13,99,0.8931914,0.0,CIBR
42,102,13,99,0.8931914,0.0,CID
42,102,13,99,0.8931914,0.0,CIEN
42,102,13,99,0.8931914,0.0,CIGI
42,102,13,99,0.8931914,0.0,CII
42,102,13,99,0.8931914,0.0,CIL
42,102,13,99,0.8931914,0.0,CINF
42,102,13,100,0.89774718,0.00455578,CIT
42,102,13,100,0.89774718,0.0,CIVB
42,102,13,101,0.92271908,0.0249719,CIVI
42,102,13,101,0.92271908,0.0,CIZ
42,102,13,101,0.92271908,0.0,CL
44,104,13,101,0.92656049,0.00384141,CLC
44,104,13,101,0.92656049,0.0,CLF
45,105,13,101,0.93286972,0.00630923,CLFD
45,105,13,101,0.93286972,0.0,CLH
45,105,13,101,0.93286972,0.0,CLLS
45,105,13,101,0.93286972,0.0,CLM
45,105,13,102,0.9356906,0.00282088,CLMS
45,105,14,103,0.9356906,0.0,CLNT
45,106,14,103,0.9356906,0.0,CLNY
45,106,14,103,0.9356906,0.0,CM
45,106,14,103,0.9356906,0.0,CMA
45,106,14,103,0.9356906,0.0,CMCSA
45,106,14,104,0.93813964,0.00244904,CME
45,106,14,104,0.93813964,0.0,CMG
45,107,14,104,0.93813964,0.0,CMPR
45,107,14,104,0.93813964,0.0,CMRE
45,107,15,105,0.93320484,-0.0049348,CMT
45,107,15,106,0.94290581,0.00970097,CMTL
46,108,15,107,0.93424983,-0.00865598,CNBKA
46,108,15,107,0.93424983,0.0,CNC
46,108,15,107,0.93424983,0.0,CNCE
46,108,15,107,0.93424983,0.0,CNCR
46,108,15,107,0.93424983,0.0,CNFR
46,108,15,107,0.93424983,0.0,CNI
46,108,15,107,0.93424983,0.0,CNK
46,110,15,107,0.93424983,0.0,CNO
46,110,16,108,0.92704849,-0.00720134,CNOB
46,110,16,108,0.92704849,0.0,CNS
46,111,16,108,0.95690145,0.02985296,CO
46,111,16,108,0.95690145,0.0,COB
46,111,16,108,0.95690145,0.0,COBZ
46,111,16,108,0.95690145,0.0,CODI
46,111,16,108,0.95690145,0.0,COF
46,111,16,108,0.95690145,0.0,COH
46,111,16,108,0.95690145,0.0,COHR
46,111,16,108,0.95690145,0.0,COHU
46,111,16,109,0.95883736,0.00193591,COL
46,111,16,109,0.95883736,0.0,COLB
48,113,16,109,0.98177851,0.02294115,COLM
48,113,16,109,0.98177851,0.0,COMM
48,113,16,109,0.98177851,0.0,COST
48,113,16,109,0.98177851,0.0,COT
48,113,16,109,0.98177851,0.0,COWN
48,113,16,109,0.98177851,0.0,CP
48,113,16,109,0.98177851,0.0,CPF
48,113,16,109,0.98177851,0.0,CPGX
48,113,16,109,0.98177851,0.0,CPHD
48,113,16,109,0.98177851,0.0,CPPL
48,113,16,109,0.98177851,0.0,CPRT
48,113,16,109,0.98177851,0.0,CPT
48,113,16,109,0.98177851,0.0,CQH
48,113,16,110,0.96991928,-0.01185923,CQP
48,113,16,110,0.96991928,0.0,CR
49,114,16,110,0.9756173,0.00569802,CRAY
49,114,16,112,0.94685715,-0.02876015,CRC
50,115,16,112,0.92798867,-0.01886848,CRESY
50,115,16,112,0.92798867,0.0,CRF
50,115,16,112,0.92798867,0.0,CRH
50,115,16,112,0.92798867,0.0,CRI
50,115,16,112,0.92798867,0.0,CRIS
50,115,16,113,0.93556579,0.00757712,CRL
50,115,16,113,0.93556579,0.0,CRM
50,115,16,113,0.93556579,0.0,CRUS
50,115,16,113,0.93556579,0.0,CRVL
50,117,16,113,0.93556579,0.0,CS
50,117,16,113,0.93556579,0.0,CSA
50,117,16,113,0.93556579,0.0,CSAL
51,118,16,113,0.93699006,0.00142427,CSB
51,118,16,113,0.93699006,0.0,CSC
51,118,16,113,0.93699006,0.0,CSF
51,118,16,113,0.93699006,0.0,CSFL
51,118,16,113,0.93699006,0.0,CSGP
51,119,16,113,0.94000219,0.00301213,CSGS
51,119,16,113,0.94000219,0.0,CSH
52,123,16,113,0.9494991,0.00949691,CSL
52,123,16,113,0.9494991,0.0,CSLT
52,123,16,113,0.9494991,0.0,CSOD
52,123,16,113,0.9494991,0.0,CSQ
52,123,16,114,0.96830312,0.01880402,CSRA
52,123,16,114,0.96830312,0.0,CST
52,123,16,114,0.96830312,0.0,CSTE
52,123,16,114,0.96830312,0.0,CSU
52,123,16,115,0.98722833,0.01892521,CSV
52,123,16,116,0.98935977,0.00213144,CSWC
52,123,16,116,0.98935977,0.0,CSX
52,123,16,119,0.98935977,0.0,CTBI
52,123,16,119,0.98935977,0.0,CTLT
52,123,16,119,0.98935977,0.0,CTMX
52,123,16,119,0.98935977,0.0,CTQ
52,123,16,119,0.98935977,0.0,CTR
52,123,16,119,0.98935977,0.0,CTRP
52,123,16,119,0.98935977,0.0,CTS
52,123,16,119,0.98935977,0.0,CTSH
52,123,16,119,0.98935977,0.0,CTSO
52,123,16,119,0.98935977,0.0,CTT
52,123,16,119,0.98935977,0.0,CTU
52,123,16,119,0.98935977,0.0,CTV
52,123,16,119,0.98935977,0.0,CTW
52,123,16,119,0.98935977,0.0,CTX
52,123,16,119,0.98935977,0.0,CTXS
52,123,16,119,0.98935977,0.0,CTY
52,123,16,119,0.98935977,0.0,CTZ
52,123,16,119,0.98935977,0.0,CUB
52,123,16,119,0.98935977,0.0,CUBE
52,123,16,119,0.98935977,0.0,CUBI
52,123,16,119,0.98935977,0.0,CUK
52,123,16,119,0.98935977,0.0,CUNB
52,123,16,119,0.98935977,0.0,CUZ
52,123,16,119,0.98935977,0.0,CVBF
52,123,16,119,0.98935977,0.0,CVC
52,123,16,119,0.98935977,0.0,CVCO
52,123,16,119,0.98935977,0.0,CVCY
53,124,16,119,0.99055861,0.00119884,CVG
53,124,16,122,0.99055861,0.0,CVLT
53,124,16,122,0.99055861,0.0,CVLY
53,124,16,123,0.99055861,0.0,CVS
53,124,16,123,0.99055861,0.0,CVX
54,125,16,123,0.99564836,0.00508975,CW
54,125,16,123,0.99564836,0.0,CX
54,125,16,123,0.99564836,0.0,CXO
54,125,16,126,0.99564836,0.0,CXW
54,125,16,126,0.99564836,0.0,CY
54,125,16,126,0.99564836,0.0,CYAN
54,125,16,126,0.99564836,0.0,CYNO
54,125,16,126,0.99564836,0.0,CYOU
54,125,16,126,0.99564836,0.0,CYTX
54,125,16,126,0.99564836,0.0,CZNC
54,125,16,126,0.99564836,0.0,CZR
54,125,16,126,0.99564836,0.0,DAKT
54,125,16,126,0.99564836,0.0,DAL
54,125,16,126,0.99564836,0.0,DAN
55,126,16,126,0.99991534,0.00426698,DATA
55,126,16,126,0.99991534,0.0,DAX
55,126,16,126,0.99991534,0.0,DB
55,126,16,126,0.99991534,0.0,DBD
55,126,16,126,0.99991534,0.0,DBVT
55,126,16,126,0.99991534,0.0,DCA
55,126,16,126,0.99991534,0.0,DCI
55,126,16,126,0.99991534,0.0,DCO
55,126,16,128,1.00468862,0.00477328,DCOM
55,126,16,128,1.00468862,0.0,DCT
55,126,16,128,1.00468862,0.0,DD
55,126,16,128,1.00468862,0.0,DDBI
55,126,17,129,0.99812405,-0.00656457,DDC
55,126,17,129,0.99812405,0.0,DDF
55,126,17,129,0.99812405,0.0,DECK
55,126,17,129,0.99812405,0.0,DEG
55,126,17,129,0.99812405,0.0,DEI
55,126,17,129,0.99812405,0.0,DEL
55,128,17,129,0.99812405,0.0,DERM
55,128,17,129,0.99812405,0.0,DEX
55,128,17,129,0.99812405,0.0,DFRG
55,128,17,129,0.99812405,0.0,DFS
55,128,17,129,0.99812405,0.0,DGICA
55,128,17,129,0.99812405,0.0,DGLD
55,128,17,129,0.99812405,0.0,DGRS
55,128,17,129,0.99812405,0.0,DGRW
55,129,17,129,0.99812405,0.0,DHG
55,129,17,129,0.99812405,0.0,DHI
55,129,17,129,0.99812405,0.0,DHR
55,129,18,130,1.00090763,0.00278358,DIAX
55,129,18,130,1.00090763,0.0,DIOD
55,129,18,130,1.00090763,0.0,DIS
55,129,18,130,1.00090763,0.0,DISCA
55,129,18,130,1.00090763,0.0,DISCK
55,129,18,130,1.00090763,0.0,DISH
55,129,18,130,1.00090763,0.0,DJCO
55,129,19,131,1.01973172,0.01882409,DK
55,129,19,131,1.01973172,0.0,DKT
55,129,19,131,1.01973172,0.0,DLA
55,129,19,131,1.01973172,0.0,DLBS
55,129,19,134,1.01973172,0.0,DLPH
55,129,19,134,1.01973172,0.0,DLTH
55,129,19,136,1.01973172,0.0,DLX
55,129,19,136,1.01973172,0.0,DMF
55,129,19,136,1.01973172,0.0,DMRC
55,129,19,136,1.01973172,0.0,DMTX
55,129,19,136,1.01973172,0.0,DNB
55,129,19,136,1.01973172,0.0,DNI
55,129,19,137,1.03664105,0.01690933,DOOR
55,129,19,137,1.03664105,0.0,DORM
55,129,19,138,1.02342866,-0.01321239,DOW
55,129,19,138,1.02342866,0.0,DOX
55,129,19,138,1.02342866,0.0,DPG
55,129,19,138,1.02342866,0.0,DPM
55,129,19,138,1.02342866,0.0,DPZ
55,129,19,139,1.04027931,0.01685065,DQ
55,129,19,139,1.04027931,0.0,DRA
55,129,19,139,1.04027931,0.0,DRD
55,130,19,139,1.03690029,-0.00337902,DRE
55,130,19,139,1.03690029,0.0,DRH
55,130,19,139,1.03690029,0.0,DRI
55,130,19,139,1.03690029,0.0,DSE
55,130,19,139,1.03690029,0.0,DSGX
55,131,19,139,1.07664062,0.03974033,DSLV
55,131,19,139,1.07664062,0.0,DST
55,131,19,139,1.07664062,0.0,DSU
55,131,19,139,1.07664062,0.0,DSWL
55,131,19,139,1.07664062,0.0,DTK
55,131,19,140,1.08590002,0.0092594,DTSI
55,131,19,140,1.08590002,0.0,DTUS
55,131,19,140,1.08590002,0.0,DTYS
55,131,19,140,1.08590002,0.0,DTZ
55,131,19,140,1.08590002,0.0,DVA
55,131,19,140,1.08590002,0.0,DVD
56,132,19,143,1.09577892,0.0098789,DW
56,132,19,143,1.09577892,0.0,DWTR
56,132,19,143,1.09577892,0.0,DXB
56,132,19,143,1.09577892,0.0,DXCM
56,132,19,143,1.09577892,0.0,DXGE
56,132,19,143,1.09577892,0.0,DXJS
56,132,19,143,1.09577892,0.0,DXKW
56,132,19,143,1.09577892,0.0,DXPS
56,132,19,143,1.09577892,0.0,DXR
56,132,19,143,1.09577892,0.0,DY
56,133,19,143,1.09577892,0.0,EA
56,133,19,143,1.09577892,0.0,EAD
56,133,19,143,1.09577892,0.0,EAGLU
56,133,19,143,1.09577892,0.0,EBAY
56,133,19,148,1.10082944,0.00505052,ECF
56,133,19,148,1.10082944,0.0,ECL
56,133,19,148,1.10082944,0.0,ECYT
56,134,19,148,1.07334679,-0.02748265,EDAP
56,134,19,148,1.07334679,0.0,EDBI
56,142,19,148,1.07334679,0.0,EEFT
56,142,20,149,1.07956763,0.00622084,EEMA
56,142,21,150,1.09249976,0.01293213,EEP
56,142,21,150,1.09249976,0.0,EFII
56,142,21,150,1.09249976,0.0,EFOI
56,142,21,151,1.09632386,0.0038241,EFR
56,142,21,151,1.09632386,0.0,EFSC
56,142,21,151,1.09632386,0.0,EFT
56,142,21,151,1.09632386,0.0,EFX
56,142,21,151,1.09632386,0.0,EGBN
58,144,21,151,1.10392846,0.0076046,EGHT
58,144,21,151,1.10392846,0.0,EGI
58,144,21,151,1.10392846,0.0,EGIF
58,144,21,151,1.10392846,0.0,EGLT
58,144,21,151,1.10392846,0.0,EGO
58,144,21,151,1.10392846,0.0,EGOV
60,147,21,151,1.13928613,0.03535767,EGP
60,147,21,156,1.14514115,0.00585502,EIG
60,147,21,156,1.14514115,0.0,EIGR
60,147,21,156,1.14514115,0.0,EIM
60,147,21,156,1.14514115,0.0,EJ
60,150,21,156,1.14514115,0.0,ELGX
60,150,22,157,1.14981402,0.00467287,ELJ
60,150,22,158,1.1450255,-0.00478852,ELNK
60,150,22,158,1.1450255,0.0,ELOS
60,150,22,158,1.1450255,0.0,ELRC
61,151,22,158,1.15292288,0.00789738,ELY
61,154,23,160,1.1559188,0.00299592,EMCB
61,154,23,160,1.1559188,0.0,EMCG
61,154,23,160,1.1559188,0.0,EME
61,154,23,160,1.1559188,0.0,EMF
61,154,23,160,1.1559188,0.0,EMI
61,154,25,162,1.1648659,0.0089471,EMIF
61,154,25,162,1.1648659,0.0,EMKR
61,154,25,162,1.1648659,0.0,EML
61,154,25,162,1.1648659,0.0,EMN
61,154,26,163,1.16565423,0.00078833,EMO
61,155,26,163,1.16565423,0.0,EMXX
61,155,26,164,1.16660302,0.00094879,ENB
61,155,26,164,1.16660302,0.0,ENDP
62,156,26,164,1.16478684,-0.00181618,ENH
62,156,26,164,1.16478684,0.0,ENR
62,156,26,164,1.16478684,0.0,ENS
62,156,26,164,1.16478684,0.0,ENSG
62,156,26,164,1.16478684,0.0,ENT
62,156,26,164,1.16478684,0.0,ENTA
62,157,26,164,1.16478684,0.0,ENTG
62,157,26,164,1.16478684,0.0,ENV
62,157,26,164,1.16478684,0.0,ENZ
62,157,26,164,1.16478684,0.0,EOD
63,158,26,165,1.16478684,0.0,EOS
63,158,26,165,1.16478684,0.0,EPAM
63,158,26,165,1.16478684,0.0,EPAY
64,159,26,165,1.16609272,0.00130588,EPC
64,159,26,168,1.16609272,0.0,EPIQ
64,159,26,169,1.18293314,0.01684042,EPZM
64,159,26,169,1.18293314,0.0,EQBK
64,159,26,169,1.18293314,0.0,EQC
64,161,26,169,1.18293314,0.0,EQS
64,161,26,169,1.18293314,0.0,ERIC
64,161,26,169,1.18293314,0.0,ERIE
64,161,26,169,1.18293314,0.0,ERJ
64,161,26,169,1.18293314,0.0,ESEA
64,161,26,169,1.18293314,0.0,ESGR
64,161,26,169,1.18293314,0.0,ESL
64,161,26,169,1.18293314,0.0,ESLT
64,161,26,169,1.18293314,0.0,ESND
64,161,26,169,1.18293314,0.0,ESNT
64,165,26,169,1.19025545,0.00732231,ESRT
64,165,26,170,1.19815956,0.00790411,ESRX
64,165,26,170,1.19815956,0.0,ESSA
64,165,26,170,1.19815956,0.0,ETB
64,165,26,170,1.19815956,0.0,ETFC
64,165,26,170,1.19815956,0.0,ETG
64,165,26,170,1.19815956,0.0,ETH
64,165,26,171,1.19815956,0.0,ETN
64,165,26,171,1.19815956,0.0,ETO
64,165,26,171,1.19815956,0.0,ETP
64,165,26,171,1.19815956,0.0,ETRM
64,165,26,172,1.19815956,0.0,ETW
64,165,26,172,1.19815956,0.0,ETY
64,166,26,172,1.20902185,0.01086229,EUFN
64,166,27,173,1.21303677,0.00401492,EV
64,168,27,173,1.21303677,0.0,EVER
64,168,27,173,1.21303677,0.0,EVG
64,168,27,173,1.21303677,0.0,EVK
64,168,27,173,1.21303677,0.0,EVR
64,168,27,175,1.22091083,0.00787406,EVT
64,168,27,175,1.22091083,0.0,EVTC
64,168,27,175,1.22091083,0.0,EVV
64,168,27,176,1.25901915,0.03810832,EW
64,168,27,176,1.25901915,0.0,EWBC
64,168,27,176,1.25901915,0.0,EXA
64,168,27,176,1.25901915,0.0,EXEL
64,168,27,176,1.25901915,0.0,EXG
64,168,27,176,1.25901915,0.0,EXK
64,168,27,176,1.25901915,0.0,EXLS
64,168,27,176,1.25901915,0.0,EXP
65,169,27,176,1.2525058,-0.00651335,EXPD
65,169,27,176,1.2525058,0.0,EXPE
65,169,27,176,1.2525058,0.0,EXPO
65,169,27,176,1.2525058,0.0,EXR
65,169,28,177,1.23157828,-0.02092752,EYES
65,169,28,177,1.23157828,0.0,F
65,169,28,177,1.23157828,0.0,FAB
65,169,28,177,1.23157828,0.0,FAD
65,169,28,178,1.25062647,0.01904819,FALC
65,169,28,180,1.25062647,0.0,FANG
65,169,28,180,1.25062647,0.0,FARM
65,169,28,180,1.25062647,0.0,FAST
65,169,28,180,1.25062647,0.0,FAV
65,169,28,180,1.25062647,0.0,FB
65,169,28,180,1.25062647,0.0,FBC
67,171,28,180,1.26813165,0.01750518,FBHS
67,171,28,180,1.26813165,0.0,FBIZ
67,171,28,180,1.26813165,0.0,FBMS
67,171,28,180,1.26813165,0.0,FBP
67,171,28,180,1.26813165,0.0,FBR
67,171,28,180,1.26813165,0.0,FC
67,171,28,180,1.26813165,0.0,FCAM
68,172,28,180,1.27164659,0.00351494,FCAU
68,172,28,181,1.28147547,0.00982888,FCB
68,172,28,181,1.28147547,0.0,FCBC
68,172,28,181,1.28147547,0.0,FCF
68,172,28,181,1.28147547,0.0,FCH
68,172,28,181,1.28147547,0.0,FCNCA
69,174,28,181,1.29175722,0.01028175,FDC
69,174,28,181,1.29175722,0.0,FDEF
69,175,28,181,1.29175722,0.0,FDP
70,176,28,181,1.27821921,-0.01353801,FDS
70,176,28,181,1.27821921,0.0,FDT
70,176,28,181,1.27821921,0.0,FDX
70,176,28,181,1.27821921,0.0,FEI
70,176,28,182,1.2815018,0.00328259,FEIC
70,176,28,182,1.2815018,0.0,FEM
70,176,28,182,1.2815018,0.0,FEMS
70,176,28,183,1.28511554,0.00361374,FEN
70,176,28,183,1.28511554,0.0,FEO
70,176,28,183,1.28511554,0.0,FEP
70,176,28,183,1.28511554,0.0,FEUZ
70,176,28,183,1.28511554,0.0,FEX
70,176,28,183,1.28511554,0.0,FEYE
70,176,28,183,1.28511554,0.0,FFA
70,176,28,183,1.28511554,0.0,FFBC
70,176,28,183,1.28511554,0.0,FFG
70,177,28,183,1.27526324,-0.0098523,FFHL
70,177,28,183,1.27526324,0.0,FFIC
70,177,28,183,1.27526324,0.0,FFIN
70,177,28,183,1.27526324,0.0,FFIV
70,177,28,183,1.27526324,0.0,FFNW
71,178,28,183,1.30205905,0.02679581,FFWM
71,181,28,183,1.30205905,0.0,FGEN
71,181,28,183,1.30205905,0.0,FGM
72,182,28,183,1.30205905,0.0,FHK
72,182,28,183,1.30205905,0.0,FHN
72,182,28,183,1.30205905,0.0,FHY
72,182,28,183,1.30205905,0.0,FIBK
72,182,28,183,1.30205905,0.0,FIF
72,182,28,183,1.30205905,0.0,FIG
72,182,28,183,1.30205905,0.0,FII
72,182,28,183,1.30205905,0.0,FIS
72,182,28,183,1.30205905,0.0,FISI
72,182,28,183,1.30205905,0.0,FISV
72,182,28,183,1.30205905,0.0,FITB
72,182,28,183,1.30205905,0.0,FITBI
72,182,28,183,1.30205905,0.0,FIVE
72,182,28,183,1.30205905,0.0,FIVN
72,182,28,183,1.30205905,0.0,FIX
72,183,28,183,1.30867038,0.00661133,FIZZ
72,183,28,183,1.30867038,0.0,FJP
72,183,28,183,1.30867038,0.0,FKU
72,183,28,183,1.30867038,0.0,FLC
72,183,28,183,1.30867038,0.0,FLDM
72,183,28,183,1.30867038,0.0,FLEX
75,186,28,184,1.32405536,0.01538498,FLIR
75,186,28,185,1.34037833,0.01632297,FLKS
75,186,28,185,1.34037833,0.0,FLO
75,186,28,186,1.35523563,0.0148573,FLR
75,186,28,186,1.35523563,0.0,FLT
75,186,28,186,1.35523563,0.0,FLTX
75,186,28,186,1.35523563,0.0,FLWS
75,186,28,186,1.35523563,0.0,FLXN
75,186,28,186,1.35523563,0.0,FLXS
76,188,28,186,1.35739753,0.0021619,FMB
76,188,28,186,1.35739753,0.0,FMBI
76,188,28,186,1.35739753,0.0,FMC
76,188,28,186,1.35739753,0.0,FMER
76,188,28,186,1.35739753,0.0,FMI
76,188,28,186,1.35739753,0.0,FMK
76,188,28,186,1.35739753,0.0,FMNB
76,188,28,189,1.35739753,0.0,FMS
77,189,28,189,1.33436683,-0.0230307,FMX
77,189,28,189,1.33436683,0.0,FNB
77,189,28,193,1.33436683,0.0,FNF
77,189,28,193,1.33436683,0.0,FNFG
77,189,28,193,1.33436683,0.0,FNGN
77,189,28,193,1.33436683,0.0,FNK
77,189,28,193,1.33436683,0.0,FNLC
77,189,28,194,1.35414647,0.01977964,FNSR
77,189,28,194,1.35414647,0.0,FNV
77,189,28,194,1.35414647,0.0,FNWB
77,189,28,194,1.35414647,0.0,FNX
77,189,28,194,1.35414647,0.0,FNY
78,190,28,194,1.397599,0.04345253,FOE
78,190,28,194,1.397599,0.0,FOF
79,191,28,194,1.41536146,0.01776246,FOLD
79,191,29,195,1.42302433,0.00766287,FOMX
79,191,29,195,1.42302433,0.0,FONE
79,191,29,195,1.42302433,0.0,FOR
79,191,29,195,1.42302433,0.0,FOX
80,192,29,195,1.42639575,0.00337142,FOXA
80,194,29,195,1.42639575,0.0,FPF
81,195,29,195,1.42316821,-0.00322754,FPO
82,196,29,197,1.42068378,-0.00248443,FPXI
82,196,29,197,1.42068378,0.0,FRBK
82,196,29,197,1.42068378,0.0,FRC
83,197,29,197,1.4235544,0.00287062,FRME
83,197,29,197,1.4235544,0.0,FRP
83,198,29,197,1.42224744,-0.00130696,FRT
84,199,29,197,1.42158559,-0.00066185,FSB
84,199,29,197,1.42158559,0.0,FSCE
84,199,29,197,1.42158559,0.0,FSD
84,199,29,197,1.42158559,0.0,FSFR
84,199,29,197,1.42158559,0.0,FSLR
84,199,29,197,1.42158559,0.0,FSM
84,199,29,197,1.42158559,0.0,FSP
84,202,29,197,1.42158559,0.0,FT
84,202,29,197,1.42158559,0.0,FTA
84,202,29,197,1.42158559,0.0,FTC
84,202,29,197,1.42158559,0.0,FTCS
84,202,29,197,1.42158559,0.0,FTD
84,202,29,197,1.42158559,0.0,FTF
84,202,29,197,1.42158559,0.0,FTGC
84,202,29,197,1.42158559,0.0,FTI
85,203,29,197,1.42506385,0.00347826,FTNT
85,203,29,197,1.42506385,0.0,FTRI
85,203,29,197,1.42506385,0.0,FUEL
86,204,29,197,1.42924116,0.00417731,FUL
86,204,29,198,1.43839454,0.00915338,FULT
86,204,29,198,1.43839454,0.0,FUND
86,204,29,198,1.43839454,0.0,FV
86,204,29,199,1.45988884,0.0214943,FWP
86,204,29,199,1.45988884,0.0,FWRD
86,204,29,200,1.45988884,0.0,FYC
86,204,29,200,1.45988884,0.0,FYT
86,204,29,200,1.45988884,0.0,FYX
86,204,29,200,1.45988884,0.0,G
86,205,29,200,1.45988884,0.0,GABC
86,205,29,200,1.45988884,0.0,GAIN
86,205,29,200,1.45988884,0.0,GAM
86,205,29,200,1.45988884,0.0,GARS
86,205,29,200,1.45988884,0.0,GASS
87,206,29,200,1.46964881,0.00975997,GBCI
87,206,29,200,1.46964881,0.0,GBIM
87,206,29,201,1.47275546,0.00310665,GBL
87,206,29,201,1.47275546,0.0,GBLI
87,206,29,201,1.47275546,0.0,GBLIZ
87,206,29,202,1.47214995,-0.00060551,GBNK
87,206,29,202,1.47214995,0.0,GBSN
87,206,29,202,1.47214995,0.0,GBT
87,206,29,202,1.47214995,0.0,GCBC
87,206,29,202,1.47214995,0.0,GCH
87,206,29,203,1.47430745,0.0021575,GCV
88,207,29,203,1.48494352,0.01063607,GD
88,207,29,203,1.48494352,0.0,GDDY
88,207,29,203,1.48494352,0.0,GDF
88,207,29,203,1.48494352,0.0,GDL
88,207,29,203,1.48494352,0.0,GDV
88,207,29,203,1.48494352,0.0,GE
88,207,29,203,1.48494352,0.0,GEB
88,207,29,203,1.48494352,0.0,GEH
88,207,29,206,1.48494352,0.0,GEL
88,207,29,206,1.48494352,0.0,GEQ
88,207,29,207,1.48868184,0.00373832,GERN
88,207,29,207,1.48868184,0.0,GF
88,207,29,207,1.48868184,0.0,GFI
88,208,29,208,1.49096681,0.00228497,GGAL
88,208,29,208,1.49096681,0.0,GGE
88,208,29,208,1.49096681,0.0,GGG
88,208,29,208,1.49096681,0.0,GGN
88,208,29,208,1.49096681,0.0,GGP
88,209,29,208,1.49096681,0.0,GGZ
88,209,29,208,1.49096681,0.0,GHC
88,209,29,208,1.49096681,0.0,GHDX
89,210,29,208,1.53796966,0.04700285,GHL
89,211,29,208,1.53796966,0.0,GIG
89,211,29,208,1.53796966,0.0,GIGA
90,212,29,208,1.54440048,0.00643082,GIL
90,212,29,208,1.54440048,0.0,GILD
90,212,29,208,1.54440048,0.0,GILT
90,214,29,208,1.54440048,0.0,GJS
90,214,29,208,1.54440048,0.0,GK
92,216,29,208,1.54716673,0.00276625,GKOS
92,216,30,209,1.54735037,0.00018364,GLDI
92,216,30,209,1.54735037,0.0,GLNG
92,216,30,209,1.54735037,0.0,GLO
92,219,30,209,1.54735037,0.0,GLPG
92,219,30,210,1.5492283,0.00187793,GLQ
92,219,30,210,1.5492283,0.0,GLV
92,219,30,210,1.5492283,0.0,GLW
92,219,30,210,1.5492283,0.0,GLYC
92,219,30,210,1.5492283,0.0,GM
92,219,30,210,1.5492283,0.0,GMED
92,219,30,210,1.5492283,0.0,GMLP
92,219,30,210,1.5492283,0.0,GMZ
92,219,30,210,1.5492283,0.0,GNMA
92,219,30,210,1.5492283,0.0,GNRT
92,219,30,211,1.56022791,0.01099961,GNRX
92,219,30,211,1.56022791,0.0,GNT
92,219,30,211,1.56022791,0.0,GNTX
93,220,30,211,1.54754275,-0.01268516,GNW
93,220,30,211,1.54754275,0.0,GOF
93,220,30,211,1.54754275,0.0,GOGL
93,220,30,211,1.54754275,0.0,GOLD
93,220,30,211,1.54754275,0.0,GOOG
93,220,30,211,1.54754275,0.0,GOOGL
93,220,30,211,1.54754275,0.0,GORO
93,220,30,211,1.54754275,0.0,GPC
93,220,30,211,1.54754275,0.0,GPI
93,220,30,211,1.54754275,0.0,GPIA
93,222,31,212,1.55290469,0.00536194,GPL
93,222,31,212,1.55290469,0.0,GPM
93,222,31,212,1.55290469,0.0,GPN
93,222,31,212,1.55290469,0.0,GPRE
94,223,31,212,1.55714698,0.00424229,GPX
94,223,31,212,1.55714698,0.0,GRA
94,223,31,212,1.55714698,0.0,GRBK
94,223,31,213,1.55714698,0.0,GRFS
94,223,31,213,1.55714698,0.0,GRID
96,226,31,215,1.57845677,0.02130979,GRPN
96,226,31,215,1.57845677,0.0,GRR
96,226,31,215,1.57845677,0.0,GRSH
96,226,31,215,1.57845677,0.0,GRVY
96,226,31,215,1.57845677,0.0,GRX
96,226,31,215,1.57845677,0.0,GS
96,226,31,216,1.57881544,0.00035867,GS-PK
96,226,31,216,1.57881544,0.0,GSAT
96,226,31,216,1.57881544,0.0,GSB
96,226,31,219,1.57881544,0.0,GSJ
96,226,31,219,1.57881544,0.0,GSK
96,227,31,219,1.57881544,0.0,GSS
96,227,31,219,1.57881544,0.0,GSV
96,228,31,219,1.57881544,0.0,GTIM
96,228,31,220,1.59109712,0.01228168,GTN
96,228,31,220,1.59109712,0.0,GULF
96,228,31,220,1.59109712,0.0,GWB
97,229,31,220,1.59898354,0.00788642,GWPH
97,230,31,220,1.59168362,-0.00729992,GWR
97,230,31,220,1.59168362,0.0,GWRE
97,234,31,220,1.59168362,0.0,HAFC
97,234,31,220,1.59168362,0.0,HAIN
97,234,31,220,1.59168362,0.0,HAL
97,234,31,220,1.59168362,0.0,HALL
97,234,31,220,1.59168362,0.0,HALO
97,234,31,220,1.59168362,0.0,HAR
97,234,31,220,1.59168362,0.0,HAS
97,234,32,221,1.59691366,0.00523004,HAWK
97,234,32,221,1.59691366,0.0,HBAN
97,234,32,222,1.59691366,0.0,HBHC
97,234,32,222,1.59691366,0.0,HBHCL
98,235,32,222,1.59329702,-0.00361664,HBIO
98,235,32,222,1.59329702,0.0,HBNC
98,235,32,222,1.59329702,0.0,HCA
98,235,32,222,1.59329702,0.0,HCI
98,235,32,222,1.59329702,0.0,HCJ
98,235,32,222,1.59329702,0.0,HCKT
98,235,32,222,1.59329702,0.0,HCSG
98,235,32,222,1.59329702,0.0,HD
98,235,32,223,1.59329702,0.0,HDS
98,235,32,223,1.59329702,0.0,HDSN
99,236,32,223,1.60804556,0.01474854,HELE
99,236,34,225,1.62221193,0.01416637,HEOP
99,236,34,226,1.6260226,0.00381067,HEP
99,238,34,226,1.6260226,0.0,HES
99,238,34,227,1.63191147,0.00588887,HF
99,238,34,227,1.63191147,0.0,HFWA
99,239,34,227,1.63191147,0.0,HHC
99,239,34,227,1.63191147,0.0,HI
99,239,34,227,1.63191147,0.0,HIE
99,243,34,227,1.63191147,0.0,HIFS
99,244,34,227,1.63983692,0.00792545,HIG
99,244,34,227,1.63983692,0.0,HIHO
99,244,34,227,1.63983692,0.0,HII
99,245,34,227,1.64530307,0.00546615,HJV
99,245,34,227,1.64530307,0.0,HL
99,246,34,227,1.64530307,0.0,HLI
99,246,34,227,1.64530307,0.0,HLS
99,249,34,227,1.64530307,0.0,HMC
100,250,34,228,1.6524757,0.00717263,HMN
100,250,34,228,1.6524757,0.0,HMPR
101,251,34,228,1.65557482,0.00309912,HMST
101,251,34,228,1.65557482,0.0,HMY
101,251,34,228,1.65557482,0.0,HNI
101,251,34,228,1.65557482,0.0,HNP
101,251,34,228,1.65557482,0.0,HNW
101,251,35,229,1.67393538,0.01836056,HOG
101,251,35,229,1.67393538,0.0,HOLI
101,251,35,229,1.67393538,0.0,HOLX
101,251,35,229,1.67393538,0.0,HOMB
101,251,35,229,1.67393538,0.0,HON
102,252,35,229,1.68168426,0.00774888,HOT
102,252,35,229,1.68168426,0.0,HPE
103,253,35,229,1.68236295,0.00067869,HPP
103,253,35,229,1.68236295,0.0,HPQ
103,253,35,229,1.68236295,0.0,HPT
103,253,35,230,1.70136398,0.01900103,HQH
103,253,35,230,1.70136398,0.0,HQL
103,253,35,230,1.70136398,0.0,HQY
103,255,35,230,1.70136398,0.0,HRG
105,258,35,230,1.73759375,0.03622977,HRS
105,258,35,230,1.73759375,0.0,HRTG
105,258,35,230,1.73759375,0.0,HRTX
105,258,35,230,1.73759375,0.0,HSBC
105,258,35,231,1.74056884,0.00297509,HSEA
105,258,35,231,1.74056884,0.0,HSEB
105,258,35,232,1.74056884,0.0,HSIC
105,258,36,233,1.75185497,0.01128613,HSII
106,259,36,233,1.76236511,0.01051014,HST
106,259,36,235,1.76236511,0.0,HTBI
106,259,36,235,1.76236511,0.0,HTBK
106,259,36,235,1.76236511,0.0,HTH
106,259,36,235,1.76236511,0.0,HTHT
106,259,36,235,1.76236511,0.0,HTLF
106,259,36,235,1.76236511,0.0,HUBB
106,259,36,235,1.76236511,0.0,HUM
106,259,36,235,1.76236511,0.0,HURC
106,259,36,236,1.76601477,0.00364966,HURN
106,260,36,236,1.75708614,-0.00892863,HVT
106,260,36,236,1.75708614,0.0,HW
107,261,36,236,1.75708614,0.0,HWAY
107,261,36,236,1.75708614,0.0,HWKN
107,261,37,237,1.7624455,0.00535936,HXL
107,262,37,237,1.7624455,0.0,HY
107,262,37,237,1.7624455,0.0,HYH
107,262,37,237,1.7624455,0.0,HYLS
107,262,37,238,1.8086121,0.0461666,HZNP
107,262,37,238,1.8086121,0.0,HZO
107,262,37,238,1.8086121,0.0,IAC
107,262,37,238,1.8086121,0.0,IAE
107,262,37,238,1.8086121,0.0,IAF
107,262,37,238,1.8086121,0.0,IAG
107,262,37,238,1.8086121,0.0,IART
107,262,37,238,1.8086121,0.0,IBB
107,262,37,238,1.8086121,0.0,IBCP
108,263,37,238,1.81763996,0.00902786,IBKC
108,263,37,239,1.81852072,0.00088076,IBKR
108,263,37,239,1.81852072,0.0,IBM
108,263,37,239,1.81852072,0.0,IBN
108,263,37,239,1.81852072,0.0,IBOC
109,264,37,239,1.84121709,0.02269637,IBTX
109,264,38,240,1.84319533,0.00197824,ICAD
109,264,38,240,1.84319533,0.0,ICE
109,264,38,240,1.84319533,0.0,ICLN
109,264,38,240,1.84319533,0.0,ICLR
109,264,38,241,1.84319533,0.0,IDE
109,264,38,241,1.84319533,0.0,IDTI
110,265,38,241,1.84522799,0.00203266,IDXX
110,265,38,241,1.84522799,0.0,IEC
110,266,38,241,1.84522799,0.0,IEX
110,266,38,241,1.84522799,0.0,IF
110,266,38,241,1.84522799,0.0,IFEU
110,266,38,241,1.84522799,0.0,IFF
110,266,38,241,1.84522799,0.0,IFGL
110,266,38,242,1.8361707,-0.00905729,IFN
111,267,38,242,1.83432511,-0.00184559,IFV
111,267,38,242,1.83432511,0.0,IGA
111,267,38,242,1.83432511,0.0,IGC
111,267,38,242,1.83432511,0.0,IGD
111,267,38,242,1.83432511,0.0,IGF
111,268,38,242,1.82188441,-0.0124407,IGLD
111,271,38,242,1.82188441,0.0,IGR
111,271,38,243,1.8235322,0.00164779,IGT
111,271,38,243,1.8235322,0.0,IHC
111,271,38,243,1.8235322,0.0,IHD
111,272,38,243,1.8235322,0.0,IHS
111,272,38,244,1.8385475,0.0150153,IID
111,272,38,244,1.8385475,0.0,IIF
111,272,38,244,1.8385475,0.0,IIM
111,272,38,244,1.8385475,0.0,IKNX
111,272,38,244,1.8385475,0.0,IL
111,272,38,245,1.85371987,0.01517237,ILMN
111,272,38,245,1.85371987,0.0,IMAX
111,272,38,246,1.86013015,0.00641028,IMGN
111,272,38,246,1.86013015,0.0,IMKTA
111,272,38,246,1.86013015,0.0,IMMR
111,272,38,246,1.86013015,0.0,IMMU
111,272,38,246,1.86013015,0.0,IMMY
111,272,38,246,1.86013015,0.0,IMOS
111,272,38,246,1.86013015,0.0,IMPR
111,272,38,248,1.86013015,0.0,INB
111,272,38,248,1.86013015,0.0,INBK
111,272,38,248,1.86013015,0.0,INCR
111,272,38,249,1.89429099,0.03416084,INCY
111,272,38,249,1.89429099,0.0,IND
111,272,38,249,1.89429099,0.0,INDB
111,272,38,249,1.89429099,0.0,INDY
111,272,38,249,1.89429099,0.0,INF
111,272,38,249,1.89429099,0.0,INFN
112,274,38,249,1.88494998,-0.00934101,ING
112,274,38,249,1.88494998,0.0,INGN
112,274,38,249,1.88494998,0.0,ININ
112,275,38,249,1.88168378,-0.0032662,INO
112,275,38,250,1.89334572,0.01166194,INSM
112,275,38,250,1.89334572,0.0,INSY
112,275,38,251,1.90218054,0.00883482,INTC
112,275,38,251,1.90218054,0.0,INTL
112,275,38,251,1.90218054,0.0,INTU
112,276,38,251,1.8952601,-0.00692044,INUV
112,276,38,251,1.8952601,0.0,INWK
112,276,38,251,1.8952601,0.0,INXN
112,276,38,251,1.8952601,0.0,INZ
112,276,38,251,1.8952601,0.0,IOSP
112,276,38,251,1.8952601,0.0,IOT
112,276,38,251,1.8952601,0.0,IOTS
112,276,38,251,1.8952601,0.0,IP
112,276,38,251,1.8952601,0.0,IPAR
112,276,38,252,1.90081812,0.00555802,IPCC
112,276,38,252,1.90081812,0.0,IPG
112,276,38,252,1.90081812,0.0,IPGP
112,276,38,253,1.90503545,0.00421733,IPHI
112,276,38,253,1.90503545,0.0,IPKW
112,276,38,254,1.95015589,0.04512044,IPWR
112,276,38,254,1.95015589,0.0,IQI
112,276,38,254,1.95015589,0.0,IR
112,276,38,255,1.95015589,0.0,IRDM
112,276,38,255,1.95015589,0.0,IRDMB
112,276,38,255,1.95015589,0.0,IRL
113,277,38,255,1.93921597,-0.01093992,IRM
113,277,38,255,1.93921597,0.0,IRWD
113,277,38,255,1.93921597,0.0,ISBC
113,277,38,255,1.93921597,0.0,ISCA
113,277,38,255,1.93921597,0.0,ISF
113,277,38,255,1.93921597,0.0,ISG
113,277,38,255,1.93921597,0.0,ISHG
113,277,38,255,1.93921597,0.0,ISIL
113,277,38,255,1.93921597,0.0,ISL
113,277,38,255,1.93921597,0.0,ISLE
113,277,38,255,1.93921597,0.0,ISM
113,277,38,255,1.93921597,0.0,ISP
113,277,38,255,1.93921597,0.0,ISRG
113,277,39,256,1.93459421,-0.00462176,IT
113,277,39,256,1.93459421,0.0,ITCI
113,279,39,256,1.93459421,0.0,ITG
113,279,39,256,1.93459421,0.0,ITRI
113,279,39,256,1.93459421,0.0,ITRN
114,280,39,259,1.9466471,0.01205289,ITW
114,280,39,260,1.9540109,0.0073638,IVH
114,280,39,260,1.9540109,0.0,IVZ
114,280,39,260,1.9540109,0.0,IX
114,280,39,260,1.9540109,0.0,IXUS
114,280,39,260,1.9540109,0.0,IXYS
114,280,39,260,1.9540109,0.0,JACK
114,280,39,260,1.9540109,0.0,JASN
114,282,40,262,2.00889074,0.05487984,JAX
114,282,40,262,2.00889074,0.0,JAZZ
114,282,40,262,2.00889074,0.0,JBL
114,282,40,262,2.00889074,0.0,JBLU
114,282,40,262,2.00889074,0.0,JCE
114,282,40,262,2.00889074,0.0,JCI
114,282,41,263,2.03217026,0.02327952,JD
114,282,41,263,2.03217026,0.0,JDD
114,282,41,263,2.03217026,0.0,JE
114,282,41,263,2.03217026,0.0,JEC
114,282,41,263,2.03217026,0.0,JEQ
114,282,41,263,2.03217026,0.0,JFC
114,283,41,263,2.03217026,0.0,JIVE
114,283,41,263,2.03217026,0.0,JJSF
114,283,41,263,2.03217026,0.0,JKHY
114,283,41,263,2.03217026,0.0,JKI
114,284,41,263,2.03217026,0.0,JLL
115,285,41,263,2.00691639,-0.02525387,JMEI
115,285,42,264,2.01237194,0.00545555,JMLP
115,285,42,264,2.01237194,0.0,JMPB
115,285,43,265,2.01237194,0.0,JMPC
115,285,43,266,2.01539348,0.00302154,JNJ
115,288,43,266,2.01539348,0.0,JNS
115,288,45,268,2.03476455,0.01937107,JOB
115,288,45,268,2.03476455,0.0,JOF
115,288,45,271,2.03476455,0.0,JPM
115,288,45,271,2.03476455,0.0,JPW
115,288,45,271,2.03476455,0.0,JQC
116,289,45,271,2.02998557,-0.00477898,JRI
117,290,45,271,2.03695424,0.00696867,JRJC
117,290,45,271,2.03695424,0.0,JRS
117,290,45,272,2.04668734,0.0097331,JRVR
117,290,45,272,2.04668734,0.0,JSM
117,290,45,275,2.05225451,0.00556717,JTD
117,290,45,275,2.05225451,0.0,KAR
117,290,45,275,2.05225451,0.0,KATE
117,290,45,275,2.05225451,0.0,KB
117,290,45,275,2.05225451,0.0,KBH
117,290,45,275,2.05225451,0.0,KBR
117,290,45,275,2.05225451,0.0,KCG
117,290,45,276,2.05225451,0.0,KED
117,290,45,276,2.05225451,0.0,KEF
117,290,45,276,2.05225451,0.0,KELYA
117,290,45,276,2.05225451,0.0,KEN
117,290,45,276,2.05225451,0.0,KEX
117,290,45,276,2.05225451,0.0,KEY
117,290,45,276,2.05225451,0.0,KEYS
117,290,45,276,2.05225451,0.0,KF
118,291,45,280,2.05028596,-0.00196855,KFY
118,291,45,281,2.0678611,0.01757514,KGC
118,291,45,281,2.0678611,0.0,KHC
119,292,45,281,2.06669045,-0.00117065,KIM-PK
119,292,45,281,2.06669045,0.0,KITE
119,292,45,281,2.06669045,0.0,KKR
119,292,45,281,2.06669045,0.0,KLAC
119,292,45,281,2.06669045,0.0,KLDX
119,292,46,282,2.07577017,0.00907972,KLIC
120,294,46,282,2.06576036,-0.01000981,KMB
120,294,46,283,2.08336993,0.01760957,KMG
120,294,46,283,2.08336993,0.0,KMI
121,295,46,283,2.08703966,0.00366973,KMM
121,295,46,283,2.08703966,0.0,KMPH
121,295,46,283,2.08703966,0.0,KMPR
121,295,46,283,2.08703966,0.0,KN
121,295,46,284,2.08703966,0.0,KNDI
121,295,46,284,2.08703966,0.0,KNL
122,296,46,284,2.08351154,-0.00352812,KO
123,297,46,284,2.06496934,-0.0185422,KOF
123,297,46,284,2.06496934,0.0,KONE
123,297,46,284,2.06496934,0.0,KOP
124,298,46,284,2.05227728,-0.01269206,KORS
124,298,46,284,2.05227728,0.0,KOSS
124,298,46,284,2.05227728,0.0,KPTI
124,298,46,284,2.05227728,0.0,KR
124,298,46,284,2.05227728,0.0,KRC
124,298,47,285,2.05724994,0.00497266,KRNT
124,298,47,285,2.05724994,0.0,KRNY
124,298,47,285,2.05724994,0.0,KS
124,298,47,285,2.05724994,0.0,KSU
125,299,47,285,2.06413228,0.00688234,KTF
125,299,47,285,2.06413228,0.0,KTOS
125,299,47,285,2.06413228,0.0,KVHI
125,299,47,285,2.06413228,0.0,KW
125,299,47,288,2.06413228,0.0,KYN
125,299,47,288,2.06413228,0.0,KYO
125,299,47,288,2.06413228,0.0,L
125,299,47,288,2.06413228,0.0,LADR
125,299,48,289,2.06578953,0.00165725,LAMR
125,299,48,289,2.06578953,0.0,LAYN
125,299,48,289,2.06578953,0.0,LAZ
125,299,48,289,2.06578953,0.0,LBAI
125,299,48,289,2.06578953,0.0,LBF
125,299,48,289,2.06578953,0.0,LBRDA
125,299,48,289,2.06578953,0.0,LBRDK
125,299,48,289,2.06578953,0.0,LBTYA
125,299,48,289,2.06578953,0.0,LBTYK
125,299,48,289,2.06578953,0.0,LCI
125,299,48,289,2.06578953,0.0,LCM
125,299,48,290,2.06705615,0.00126662,LCNB
125,299,48,290,2.06705615,0.0,LCUT
125,299,48,290,2.06705615,0.0,LDOS
125,299,48,290,2.06705615,0.0,LDR
125,299,48,290,2.06705615,0.0,LDRI
125,299,48,290,2.06705615,0.0,LEA
126,300,48,290,2.07985282,0.01279667,LEG
126,300,48,290,2.07985282,0.0,LEJU
127,301,48,290,2.0952839,0.01543108,LEN
127,301,48,290,2.0952839,0.0,LEO
128,302,48,290,2.09622953,0.00094563,LFC
128,302,48,290,2.09622953,0.0,LFUS
128,302,48,290,2.09622953,0.0,LFVN
128,302,48,290,2.09622953,0.0,LGF
128,302,48,290,2.09622953,0.0,LGI
128,302,48,290,2.09622953,0.0,LGIH
128,302,48,290,2.09622953,0.0,LGND
128,302,48,290,2.09622953,0.0,LH
128,302,48,290,2.09622953,0.0,LHCG
128,302,48,290,2.09622953,0.0,LILA
128,302,48,291,2.12815357,0.03192404,LILAK
128,302,48,291,2.12815357,0.0,LION
128,302,49,292,2.12815357,0.0,LITB
128,302,49,292,2.12815357,0.0,LITE
128,302,49,292,2.12815357,0.0,LJPC
128,302,49,292,2.12815357,0.0,LKFN
128,302,49,292,2.12815357,0.0,LKQ
128,302,49,292,2.12815357,0.0,LLL
128,302,49,292,2.12815357,0.0,LLNW
128,302,49,292,2.12815357,0.0,LLTC
128,302,49,292,2.12815357,0.0,LM
128,302,49,292,2.12815357,0.0,LMBS
128,302,49,292,2.12815357,0.0,LMNR
128,302,49,292,2.12815357,0.0,LMNX
128,302,49,292,2.12815357,0.0,LMT
128,302,49,292,2.12815357,0.0,LNC
128,302,49,292,2.12815357,0.0,LOCK
128,302,49,292,2.12815357,0.0,LOCO
128,302,49,292,2.12815357,0.0,LODE
128,302,49,292,2.12815357,0.0,LOGM
128,302,49,292,2.12815357,0.0,LOR
128,302,49,292,2.12815357,0.0,LORL
130,304,49,292,2.14141211,0.01325854,LOW
130,304,49,292,2.14141211,0.0,LOXO
130,304,49,292,2.14141211,0.0,LPL
130,304,49,295,2.14141211,0.0,LPNT
130,304,49,295,2.14141211,0.0,LPSN
130,304,49,295,2.14141211,0.0,LPT
131,305,49,295,2.1579509,0.01653879,LPX
131,305,49,295,2.1579509,0.0,LRCX
131,305,49,295,2.1579509,0.0,LTBR
131,305,49,295,2.1579509,0.0,LTXB
131,305,49,295,2.1579509,0.0,LUB
131,305,49,295,2.1579509,0.0,LUK
132,308,49,295,2.15590857,-0.00204233,LUV
133,311,49,295,2.16098476,0.00507619,LVHD
133,311,49,295,2.16098476,0.0,LVLT
133,311,49,295,2.16098476,0.0,LVNTA
133,311,49,295,2.16098476,0.0,LVS
133,311,49,295,2.16098476,0.0,LXFT
133,311,49,295,2.16098476,0.0,LXRX
133,311,49,295,2.16098476,0.0,LYB
133,311,49,295,2.16098476,0.0,LYG
134,312,49,298,2.14703215,-0.01395261,MA
134,314,50,301,2.15752582,0.01049367,MAN
134,314,50,301,2.15752582,0.0,MANH
135,315,50,301,2.16879023,0.01126441,MAR
137,317,50,301,2.19295817,0.02416794,MAS
137,317,51,302,2.19411426,0.00115609,MASI
138,318,51,302,2.2101146,0.01600034,MAT
139,319,51,304,2.20120924,-0.00890536,MATX
139,319,51,306,2.20120924,0.0,MBI
139,319,51,306,2.20120924,0.0,MBRG
139,319,51,306,2.20120924,0.0,MBTF
139,319,51,306,2.20120924,0.0,MBVT
139,319,51,306,2.20120924,0.0,MBWM
140,320,51,306,2.21282689,0.01161765,MC
140,320,51,306,2.21282689,0.0,MCBC
140,321,51,306,2.21390403,0.00107714,MCD
140,321,51,306,2.21390403,0.0,MCFT
141,322,51,306,2.21246894,-0.00143509,MCHI
141,322,51,306,2.21246894,0.0,MCHP
141,322,51,306,2.21246894,0.0,MCK
141,322,51,306,2.21246894,0.0,MCN
141,324,51,306,2.21246894,0.0,MCRN
141,324,51,306,2.21246894,0.0,MCY
141,325,51,306,2.21246894,0.0,MDC
141,325,51,306,2.21246894,0.0,MDCA
141,325,51,306,2.21246894,0.0,MDIV
141,325,51,306,2.21246894,0.0,MDLZ
141,325,51,306,2.21246894,0.0,MDRX
141,325,51,306,2.21246894,0.0,MDSO
141,325,51,306,2.21246894,0.0,MDT
141,325,51,306,2.21246894,0.0,MDVN
141,325,51,306,2.21246894,0.0,MDXG
141,325,51,306,2.21246894,0.0,MEI
141,325,51,306,2.21246894,0.0,MELI
141,325,51,306,2.21246894,0.0,MENT
141,325,51,306,2.21246894,0.0,MET
141,325,51,306,2.21246894,0.0,MFC
141,325,51,306,2.21246894,0.0,MFD
141,325,51,307,2.21956117,0.00709223,MFG
141,325,51,307,2.21956117,0.0,MFL
141,325,51,308,2.22752645,0.00796528,MFSF
141,325,51,309,2.23841585,0.0108894,MFV
141,325,51,309,2.23841585,0.0,MG
141,325,51,309,2.23841585,0.0,MGA
141,325,51,309,2.23841585,0.0,MGH
141,325,51,309,2.23841585,0.0,MGIC
142,326,51,309,2.24674154,0.00832569,MGLN
142,326,51,309,2.24674154,0.0,MGM
142,326,51,310,2.24674154,0.0,MGNX
142,327,51,310,2.24674154,0.0,MGRC
142,327,51,310,2.24674154,0.0,MGU
142,327,51,310,2.24674154,0.0,MHG
142,327,51,310,2.24674154,0.0,MHK
142,327,51,310,2.24674154,0.0,MHLD
142,328,51,310,2.24674154,0.0,MHLDO
142,331,51,310,2.24674154,0.0,MHO
142,331,52,311,2.2483676,0.00162606,MIC
142,331,52,311,2.2483676,0.0,MIDD
142,331,52,311,2.2483676,0.0,MIE
143,332,52,311,2.26557846,0.01721086,MIK
143,332,52,311,2.26557846,0.0,MINI
143,332,52,311,2.26557846,0.0,MIXT
143,332,52,311,2.26557846,0.0,MIY
143,332,52,311,2.26557846,0.0,MKL
144,333,52,313,2.26557846,0.0,MLAB
144,333,52,313,2.26557846,0.0,MLHR
144,334,52,313,2.26557846,0.0,MLM
144,334,52,313,2.26557846,0.0,MLNX
147,337,52,313,2.30926201,0.04368355,MLR
147,337,52,313,2.30926201,0.0,MLVF
147,337,52,313,2.30926201,0.0,MMC
147,337,52,313,2.30926201,0.0,MMD
147,337,52,313,2.30926201,0.0,MMI
147,337,52,315,2.30926201,0.0,MMM
147,337,52,316,2.31505493,0.00579292,MMS
147,337,52,316,2.31505493,0.0,MMT
147,337,52,316,2.31505493,0.0,MN
147,337,52,316,2.31505493,0.0,MNDO
147,337,52,316,2.31505493,0.0,MNK
147,338,52,317,2.32877383,0.0137189,MNRO
147,338,52,317,2.32877383,0.0,MNTA
147,338,52,317,2.32877383,0.0,MOBI
147,338,52,317,2.32877383,0.0,MODN
147,338,52,317,2.32877383,0.0,MOFG
147,338,52,317,2.32877383,0.0,MOH
148,339,52,317,2.32565999,-0.00311384,MON
148,339,52,319,2.32565999,0.0,MPA
148,339,53,320,2.33973665,0.01407666,MPAA
148,339,53,320,2.33973665,0.0,MPC
148,340,53,320,2.34871997,0.00898332,MPEL
148,340,53,320,2.34871997,0.0,MPG
148,340,53,320,2.34871997,0.0,MPLX
149,341,53,320,2.36825579,0.01953582,MPW
149,341,53,320,2.36825579,0.0,MPWR
149,341,53,322,2.37905374,0.01079795,MPX
149,341,53,322,2.37905374,0.0,MQT
149,341,53,322,2.37905374,0.0,MRIN
149,341,53,322,2.37905374,0.0,MRK
149,343,53,322,2.37905374,0.0,MRLN
149,343,53,323,2.37905374,0.0,MRTN
149,345,53,323,2.37905374,0.0,MS
149,346,53,323,2.37982581,0.00077207,MSA
149,346,53,323,2.37982581,0.0,MSCC
150,347,53,323,2.3907068,0.01088099,MSCI
150,347,53,323,2.3907068,0.0,MSF
150,347,53,324,2.40232673,0.01161993,MSFG
150,347,53,324,2.40232673,0.0,MSFT
150,347,54,325,2.4029914,0.00066467,MSGN
150,349,54,325,2.4029914,0.0,MSL
150,349,54,325,2.4029914,0.0,MSM
150,349,54,325,2.4029914,0.0,MSP
150,349,54,327,2.40852897,0.00553757,MSTR
150,349,54,327,2.40852897,0.0,MTB
150,349,54,327,2.40852897,0.0,MTCH
151,350,54,327,2.41790142,0.00937245,MTD
151,350,54,328,2.41790142,0.0,MTG
151,350,54,328,2.41790142,0.0,MTH
151,350,54,329,2.42057258,0.00267116,MTN
152,351,54,329,2.43517135,0.01459877,MTSI
152,351,54,329,2.43517135,0.0,MTU
152,351,54,329,2.43517135,0.0,MTX
152,351,54,329,2.43517135,0.0,MTZ
152,351,55,331,2.48968636,0.05451501,MU
152,351,55,331,2.48968636,0.0,MUI
152,351,55,334,2.48968636,0.0,MVF
153,352,55,334,2.49698862,0.00730226,MVG
153,352,55,334,2.49698862,0.0,MWG
153,352,55,334,2.49698862,0.0,MWO
153,352,55,336,2.49698862,0.0,MXE
153,352,55,336,2.49698862,0.0,MXF
153,352,55,336,2.49698862,0.0,MXIM
153,352,55,336,2.49698862,0.0,MXL
153,352,55,339,2.49698862,0.0,MYD
153,352,55,339,2.49698862,0.0,MYE
153,352,56,340,2.49166153,-0.00532709,MYF
153,352,56,340,2.49166153,0.0,MYGN
153,352,56,340,2.49166153,0.0,MYL
154,353,56,340,2.50459832,0.01293679,MZOR
154,354,56,340,2.50610405,0.00150573,N
154,354,56,340,2.50610405,0.0,NAK
154,354,56,340,2.50610405,0.0,NATH
154,354,56,340,2.50610405,0.0,NATI
154,354,56,340,2.50610405,0.0,NAVG
154,354,56,340,2.50610405,0.0,NBB
154,354,56,340,2.50610405,0.0,NBD
154,354,56,340,2.50610405,0.0,NBHC
154,354,56,341,2.54776341,0.04165936,NBIX
154,354,56,341,2.54776341,0.0,NBTB
155,355,56,341,2.54256605,-0.00519736,NCLH
155,355,56,341,2.54256605,0.0,NCMI
155,355,56,341,2.54256605,0.0,NCOM
155,356,56,342,2.54506299,0.00249694,NCS
155,356,56,342,2.54506299,0.0,NCV
155,356,56,342,2.54506299,0.0,NCZ
156,357,56,342,2.54738267,0.00231968,NDAQ
156,357,56,342,2.54738267,0.0,NDP
156,357,56,343,2.55244277,0.0050601,NDRM
156,357,56,343,2.55244277,0.0,NDSN
156,357,56,343,2.55244277,0.0,NEM
157,358,56,343,2.55981381,0.00737104,NEO
157,358,57,344,2.59231938,0.03250557,NEOS
157,358,57,344,2.59231938,0.0,NEP
157,358,57,344,2.59231938,0.0,NEU
157,358,57,344,2.59231938,0.0,NEWTZ
157,358,58,345,2.59849012,0.00617074,NFBK
157,358,58,345,2.59849012,0.0,NFJ
159,360,58,345,2.56937034,-0.02911978,NFLX
159,360,59,346,2.56798429,-0.00138605,NFX
159,360,59,346,2.56798429,0.0,NG
159,360,59,346,2.56798429,0.0,NGD
159,360,59,346,2.56798429,0.0,NGG
159,361,59,346,2.59202391,0.02403962,NGHC
159,361,59,346,2.59202391,0.0,NGHCO
159,361,59,346,2.59202391,0.0,NGHCZ
159,361,59,346,2.59202391,0.0,NGL
159,363,59,346,2.59202391,0.0,NICE
159,363,59,346,2.59202391,0.0,NID
159,363,59,346,2.59202391,0.0,NIE
159,363,59,347,2.5898571,-0.00216681,NILE
159,363,59,347,2.5898571,0.0,NIQ
159,363,59,347,2.5898571,0.0,NK
159,363,59,347,2.5898571,0.0,NKE
159,363,59,347,2.5898571,0.0,NKSH
159,363,59,347,2.5898571,0.0,NKTR
159,363,59,347,2.5898571,0.0,NLNK
160,364,59,347,2.59987259,0.01001549,NLSN
160,364,59,347,2.59987259,0.0,NML
160,364,59,347,2.59987259,0.0,NMM
160,364,59,347,2.59987259,0.0,NMO
160,364,59,347,2.59987259,0.0,NMR
160,364,59,347,2.59987259,0.0,NMRX
160,364,59,347,2.59987259,0.0,NMY
160,364,59,347,2.59987259,0.0,NNBR
160,364,59,347,2.59987259,0.0,NNC
160,364,59,347,2.59987259,0.0,NOAH
160,365,60,348,2.60547485,0.00560226,NOK
160,365,60,348,2.60547485,0.0,NOM
160,365,60,348,2.60547485,0.0,NOMD
160,365,61,349,2.62102287,0.01554802,NORD
160,365,61,349,2.62102287,0.0,NOVT
160,365,61,349,2.62102287,0.0,NOW
160,365,61,349,2.62102287,0.0,NPF
160,365,61,349,2.62102287,0.0,NPI
160,365,61,349,2.62102287,0.0,NPM
160,365,61,349,2.62102287,0.0,NPP
160,365,61,349,2.62102287,0.0,NPV
160,365,61,349,2.62102287,0.0,NQM
160,365,61,349,2.62102287,0.0,NRE
160,365,61,349,2.62102287,0.0,NRIM
160,365,61,349,2.62102287,0.0,NRK
160,365,61,349,2.62102287,0.0,NRO
160,365,61,349,2.62102287,0.0,NSAM
160,365,61,349,2.62102287,0.0,NSC
160,365,61,349,2.62102287,0.0,NSIT
160,365,61,349,2.62102287,0.0,NSP
160,365,61,349,2.62102287,0.0,NSPR
161,366,61,349,2.62839338,0.00737051,NSR
161,366,61,349,2.62839338,0.0,NSTG
161,366,61,349,2.62839338,0.0,NSU
161,366,61,349,2.62839338,0.0,NSYS
161,366,61,349,2.62839338,0.0,NTAP
161,366,61,349,2.62839338,0.0,NTES
161,366,61,349,2.62839338,0.0,NTG
161,366,61,349,2.62839338,0.0,NTGR
162,367,61,349,2.62982849,0.00143511,NTI
162,367,61,349,2.62982849,0.0,NTRS
162,367,61,349,2.62982849,0.0,NUAN
162,367,61,349,2.62982849,0.0,NUM
162,367,61,349,2.62982849,0.0,NUO
162,367,61,349,2.62982849,0.0,NUTR
162,367,61,349,2.62982849,0.0,NUV
163,368,61,349,2.66114487,0.03131638,NVAX
163,368,61,349,2.66114487,0.0,NVDA
163,368,61,349,2.66114487,0.0,NVEE
163,368,61,349,2.66114487,0.0,NVG
164,369,61,349,2.66575955,0.00461468,NVMI
166,372,61,349,2.68700455,0.021245,NVO
166,372,61,349,2.68700455,0.0,NVRO
167,373,61,349,2.69066885,0.0036643,NVS
168,374,61,349,2.69546174,0.00479289,NWBI
168,374,61,349,2.69546174,0.0,NWBO
168,374,61,349,2.69546174,0.0,NWHM
170,376,61,349,2.69733423,0.00187249,NWL
172,378,61,349,2.69331202,-0.00402221,NWLI
172,378,61,349,2.69331202,0.0,NWS
172,378,61,349,2.69331202,0.0,NWSA
172,378,61,349,2.69331202,0.0,NXEO
172,378,61,349,2.69331202,0.0,NXJ
172,378,61,349,2.69331202,0.0,NXN
173,379,61,349,2.68819693,-0.00511509,NXPI
174,380,61,349,2.69871131,0.01051438,NXTM
174,380,61,349,2.69871131,0.0,NYCB
174,380,61,349,2.69871131,0.0,NYMTP
174,380,61,349,2.69871131,0.0,NZF
174,380,61,349,2.69871131,0.0,O
174,380,61,351,2.69871131,0.0,OC
174,380,62,352,2.69926212,0.00055081,OCFC
174,380,62,352,2.69926212,0.0,OESX
174,380,62,352,2.69926212,0.0,OFC
174,380,62,352,2.69926212,0.0,OFG
174,380,62,352,2.69926212,0.0,OFS
174,380,62,352,2.69926212,0.0,OHGI
174,380,62,352,2.69926212,0.0,OI
174,380,62,352,2.69926212,0.0,OKS
174,380,62,352,2.69926212,0.0,OKSB
175,381,62,352,2.70016678,0.00090466,OLED
175,381,62,352,2.70016678,0.0,OLN
175,381,62,352,2.70016678,0.0,OMAB
175,381,62,352,2.70016678,0.0,OMAM
176,382,62,352,2.70855361,0.00838683,OMC
176,385,62,352,2.70855361,0.0,OMEX
176,385,62,352,2.70855361,0.0,OMF
176,385,62,352,2.70855361,0.0,OMI
176,385,62,352,2.70855361,0.0,ON
176,385,62,352,2.70855361,0.0,ONB
176,385,62,353,2.69649949,-0.01205412,ONCE
176,385,62,353,2.69649949,0.0,ONEQ
176,385,62,353,2.69649949,0.0,ONP
176,385,62,353,2.69649949,0.0,OOMA
176,385,62,353,2.69649949,0.0,OPB
176,385,62,353,2.69649949,0.0,OPHT
176,385,62,353,2.69649949,0.0,OPOF
176,385,62,354,2.69990201,0.00340252,OPY
176,385,62,354,2.69990201,0.0,ORA
176,385,62,354,2.69990201,0.0,ORAN
176,385,62,354,2.69990201,0.0,ORCL
176,385,62,354,2.69990201,0.0,ORI
176,385,62,354,2.69990201,0.0,ORIT
176,385,62,354,2.69990201,0.0,ORRF
176,385,62,354,2.69990201,0.0,OSM
176,385,62,354,2.69990201,0.0,OTEX
176,386,62,354,2.70492399,0.00502198,OTIC
176,386,62,354,2.70492399,0.0,OUT
176,386,62,354,2.70492399,0.0,OXM
176,386,62,354,2.70492399,0.0,OXY
176,386,62,354,2.70492399,0.0,OZM
176,386,62,354,2.70492399,0.0,OZRK
176,386,62,354,2.70492399,0.0,PAA
176,386,62,354,2.70492399,0.0,PAACU
176,386,62,354,2.70492399,0.0,PAAS
177,387,62,354,2.74900826,0.04408427,PACB
177,387,62,356,2.74900826,0.0,PAG
177,387,62,359,2.74900826,0.0,PAM
177,387,62,359,2.74900826,0.0,PANW
177,387,62,359,2.74900826,0.0,PARR
177,387,62,359,2.74900826,0.0,PAY
177,387,62,359,2.74900826,0.0,PAYC
177,388,62,359,2.74900826,0.0,PB
177,388,62,359,2.74900826,0.0,PBA
177,388,62,359,2.74900826,0.0,PBCT
177,388,62,359,2.74900826,0.0,PBF
177,388,62,359,2.74900826,0.0,PBFX
177,388,62,359,2.74900826,0.0,PBI
178,389,62,359,2.75541341,0.00640515,PBPB
178,389,62,359,2.75541341,0.0,PBYI
179,390,62,359,2.7615357,0.00612229,PCAR
179,390,62,359,2.7615357,0.0,PCBK
179,390,62,359,2.7615357,0.0,PCH
179,390,62,359,2.7615357,0.0,PCLN
179,390,62,359,2.7615357,0.0,PCRX
179,390,62,359,2.7615357,0.0,PCTI
181,392,62,359,2.76974116,0.00820546,PCTY
181,392,63,360,2.76533625,-0.00440491,PDCE
181,394,64,362,2.75807618,-0.00726007,PDFS
181,394,64,362,2.75807618,0.0,PDT
182,395,64,364,2.751559,-0.00651718,PEB
182,395,64,364,2.751559,0.0,PEGA
182,395,64,364,2.751559,0.0,PEGI
182,395,64,364,2.751559,0.0,PEI
183,396,64,364,2.75642274,0.00486374,PEN
183,396,64,364,2.75642274,0.0,PENN
183,396,64,365,2.7517133,-0.00470944,PEP
183,396,64,365,2.7517133,0.0,PERI
183,396,64,365,2.7517133,0.0,PETS
183,396,64,366,2.77166791,0.01995461,PETX
183,396,64,366,2.77166791,0.0,PFBC
183,396,64,366,2.77166791,0.0,PFBI
183,396,64,366,2.77166791,0.0,PFE
183,396,64,366,2.77166791,0.0,PFG
183,396,64,366,2.77166791,0.0,PFL
183,396,64,366,2.77166791,0.0,PFN
183,396,64,366,2.77166791,0.0,PFNX
183,396,64,366,2.77166791,0.0,PFO
183,396,64,366,2.77166791,0.0,PFPT
183,396,64,366,2.77166791,0.0,PFS
183,396,64,366,2.77166791,0.0,PFSI
183,396,64,370,2.77166791,0.0,PFX
183,396,64,370,2.77166791,0.0,PG
183,396,64,371,2.77166791,0.0,PGEM
183,396,64,371,2.77166791,0.0,PGLC
184,397,64,371,2.76782429,-0.00384362,PGND
184,397,64,372,2.85663391,0.08880962,PGNX
184,397,64,372,2.85663391,0.0,PGR
184,397,64,372,2.85663391,0.0,PGRE
185,398,64,372,2.86888691,0.012253,PH
185,398,64,373,2.88205077,0.01316386,PHD
185,398,64,373,2.88205077,0.0,PHG
185,398,64,373,2.88205077,0.0,PHH
185,398,64,373,2.88205077,0.0,PHM
185,398,64,373,2.88205077,0.0,PHMD
185,398,64,373,2.88205077,0.0,PIH
185,398,64,373,2.88205077,0.0,PII
185,398,64,373,2.88205077,0.0,PIM
185,398,64,373,2.88205077,0.0,PINC
185,398,64,374,2.90110406,0.01905329,PJC
187,400,64,374,2.90110406,0.0,PJH
187,400,64,374,2.90110406,0.0,PJT
187,400,64,374,2.90110406,0.0,PKG
189,402,64,374,2.91142527,0.01032121,PKI
189,402,64,374,2.91142527,0.0,PKO
189,402,64,374,2.91142527,0.0,PLAB
189,402,64,374,2.91142527,0.0,PLAY
189,402,64,374,2.91142527,0.0,PLCM
189,402,64,374,2.91142527,0.0,PLD
189,403,64,374,2.90859641,-0.00282886,PLG
189,403,64,375,2.907108,-0.00148841,PLKI
189,403,64,375,2.907108,0.0,PLUS
189,403,64,375,2.907108,0.0,PLXS
189,404,64,375,2.90593495,-0.00117305,PM
189,404,64,375,2.90593495,0.0,PMBC
189,407,64,376,2.90816792,0.00223297,PMO
189,407,64,376,2.90816792,0.0,PNC
189,407,64,376,2.90816792,0.0,PNFP
189,407,64,377,2.9107751,0.00260718,PNQI
189,410,64,377,2.9107751,0.0,PNRA
189,410,64,377,2.9107751,0.0,PODD
189,410,64,377,2.9107751,0.0,POL
189,410,64,377,2.9107751,0.0,POOL
189,410,64,377,2.9107751,0.0,POPE
189,410,64,377,2.9107751,0.0,POWI
190,411,64,377,2.8287336,-0.0820415,POWL
190,413,64,377,2.8287336,0.0,PPG
190,413,64,377,2.8287336,0.0,PPH
190,414,64,377,2.8372761,0.0085425,PPL
190,414,64,377,2.8372761,0.0,PPP
190,414,64,380,2.83513248,-0.00214362,PPT
190,414,64,380,2.83513248,0.0,PPX
190,414,64,380,2.83513248,0.0,PRA
190,414,64,380,2.83513248,0.0,PRAH
190,414,64,380,2.83513248,0.0,PRE-PE
190,415,64,380,2.8355209,0.00038842,PRE-PF
190,415,64,380,2.8355209,0.0,PRFZ
190,415,64,380,2.8355209,0.0,PRGO
190,415,64,380,2.8355209,0.0,PRGS
190,415,64,380,2.8355209,0.0,PRGX
190,415,64,380,2.8355209,0.0,PRI
191,416,64,380,2.84136737,0.00584647,PRIM
191,416,64,380,2.84136737,0.0,PRK
191,416,64,381,2.7916677,-0.04969967,PRKR
191,417,64,381,2.79540408,0.00373638,PRLB
191,417,64,381,2.79540408,0.0,PRO
192,418,64,382,2.80309851,0.00769443,PROV
192,418,64,382,2.80309851,0.0,PRQR
192,418,64,382,2.80309851,0.0,PRSC
192,418,64,383,2.82832142,0.02522291,PRTA
192,418,64,384,2.8341236,0.00580218,PRU
192,418,64,384,2.8341236,0.0,PRXL
192,418,64,384,2.8341236,0.0,PSA
192,418,64,384,2.8341236,0.0,PSAU
192,418,64,384,2.8341236,0.0,PSCD
192,418,64,384,2.8341236,0.0,PSCF
192,418,64,384,2.8341236,0.0,PSCH
192,419,64,384,2.8341236,0.0,PSCT
192,419,64,384,2.8341236,0.0,PSO
192,419,64,384,2.8341236,0.0,PSTB
192,419,64,384,2.8341236,0.0,PSX
192,419,64,384,2.8341236,0.0,PSXP
192,419,64,384,2.8341236,0.0,PTC
192,419,64,384,2.8341236,0.0,PTLA
192,419,64,384,2.8341236,0.0,PTR
192,419,64,384,2.8341236,0.0,PUB
192,420,64,384,2.86444844,0.03032484,PUK
192,420,64,384,2.86444844,0.0,PUK-P
192,420,64,384,2.86444844,0.0,PUK-PA
192,420,64,384,2.86444844,0.0,PVG
193,421,64,384,2.88690934,0.0224609,PVH
193,421,64,385,2.8924013,0.00549196,PVTB
193,421,64,387,2.8924013,0.0,PX
193,421,64,387,2.8924013,0.0,PXD
193,421,64,387,2.8924013,0.0,PYPL
193,421,64,387,2.8924013,0.0,PZG
193,421,64,388,2.87622844,-0.01617286,PZN
193,422,64,388,2.87637559,0.00014715,PZZA
193,422,64,389,2.89231211,0.01593652,Q
193,422,64,389,2.89231211,0.0,QABA
193,422,64,389,2.89231211,0.0,QCLN
193,422,64,389,2.89231211,0.0,QCOM
193,422,64,389,2.89231211,0.0,QCRH
193,422,64,389,2.89231211,0.0,QDEL
193,422,64,389,2.89231211,0.0,QGEN
193,422,64,389,2.89231211,0.0,QINC
193,422,64,391,2.89231211,0.0,QLYS
193,422,64,391,2.89231211,0.0,QNST
193,422,64,391,2.89231211,0.0,QQEW
193,422,64,391,2.89231211,0.0,QQQ
193,422,64,392,2.89749615,0.00518404,QQQC
193,422,64,392,2.89749615,0.0,QQQX
193,422,64,392,2.89749615,0.0,QQXT
193,422,64,392,2.89749615,0.0,QRVO
193,422,64,392,2.89749615,0.0,QSR
193,422,64,392,2.89749615,0.0,QTEC
193,422,64,392,2.89749615,0.0,QVCA
193,423,64,392,2.89749615,0.0,R
193,423,64,392,2.89749615,0.0,RACE
193,423,64,392,2.89749615,0.0,RAD
193,423,64,392,2.89749615,0.0,RARE
193,423,64,392,2.89749615,0.0,RAS
193,423,64,392,2.89749615,0.0,RAVN
193,423,64,393,2.90446829,0.00697214,RAX
194,424,64,393,2.90535556,0.00088727,RBA
194,424,64,393,2.90535556,0.0,RBC
194,424,64,394,2.91415973,0.00880417,RBCAA
194,424,64,394,2.91415973,0.0,RBS
194,424,64,394,2.91415973,0.0,RBS-PR
194,424,64,394,2.91415973,0.0,RCL
194,424,64,394,2.91415973,0.0,RCMT
194,424,64,394,2.91415973,0.0,RDCM
194,425,64,394,2.89954617,-0.01461356,RDHL
194,425,64,394,2.89954617,0.0,RDN
194,425,64,394,2.89954617,0.0,RDNT
194,425,64,394,2.89954617,0.0,RDUS
194,425,64,394,2.89954617,0.0,RDVY
194,425,64,394,2.89954617,0.0,RDWR
194,425,64,397,2.89954617,0.0,REFR
194,425,64,398,2.93226339,0.03271722,REGN
194,426,64,398,2.94407244,0.01180905,RELX
194,429,64,398,2.94407244,0.0,REV
194,429,64,398,2.94407244,0.0,RF
194,429,64,398,2.94407244,0.0,RF-PA
194,429,64,398,2.94407244,0.0,RFI
195,430,64,399,2.95218946,0.00811702,RGA
195,432,64,399,2.95218946,0.0,RGLD
195,432,64,403,2.95218946,0.0,RGS
195,434,64,403,2.95885171,0.00666225,RGT
195,434,64,403,2.95885171,0.0,RHI
195,434,64,403,2.95885171,0.0,RHT
195,434,64,403,2.95885171,0.0,RIC
195,434,64,403,2.95885171,0.0,RIF
195,434,64,403,2.95885171,0.0,RIGL
195,434,64,403,2.95885171,0.0,RITT
195,434,64,403,2.95885171,0.0,RJD
195,434,64,403,2.95885171,0.0,RJF
195,437,64,403,2.95885171,0.0,RLGY
195,437,64,403,2.95885171,0.0,RLH
195,438,64,403,2.96605495,0.00720324,RLI
195,438,64,403,2.96605495,0.0,RLJE
195,438,64,403,2.96605495,0.0,RM
195,438,64,403,2.96605495,0.0,RMAX
195,438,64,403,2.96605495,0.0,RMBS
195,438,64,403,2.96605495,0.0,RMD
195,438,64,403,2.96605495,0.0,RMT
195,438,64,403,2.96605495,0.0,RNG
195,438,64,403,2.96605495,0.0,RNP
196,439,64,403,2.97255101,0.00649606,RNR
196,439,64,403,2.97255101,0.0,RNR-PE
196,439,64,403,2.97255101,0.0,RNST
196,439,64,403,2.97255101,0.0,ROBO
196,439,64,404,2.97405855,0.00150754,ROK
196,439,64,407,2.97405855,0.0,ROP
196,439,64,408,2.98165912,0.00760057,ROST
196,439,64,409,2.9947312,0.01307208,ROX
196,439,64,410,2.9947312,0.0,RPD
196,439,64,410,2.9947312,0.0,RPM
196,439,64,410,2.9947312,0.0,RPTP
196,439,64,412,3.01487577,0.02014457,RQI
196,439,64,412,3.01487577,0.0,RRD
196,439,64,412,3.01487577,0.0,RSG
196,439,64,412,3.01487577,0.0,RSPP
196,439,64,412,3.01487577,0.0,RST
196,439,64,412,3.01487577,0.0,RSYS
196,439,64,412,3.01487577,0.0,RTN
196,439,64,412,3.01487577,0.0,RTRX
197,440,64,412,3.01679788,0.00192211,RUSHA
198,441,64,412,3.03188709,0.01508921,RUSHB
198,441,64,412,3.03188709,0.0,RUTH
198,441,64,412,3.03188709,0.0,RVNC
198,441,64,412,3.03188709,0.0,RVT
198,441,64,412,3.03188709,0.0,RWLK
198,441,64,412,3.03188709,0.0,RWT
198,441,64,412,3.03188709,0.0,RXDX
198,441,64,412,3.03188709,0.0,RY
198,441,64,412,3.03188709,0.0,RZA
198,441,64,412,3.03188709,0.0,SA
198,441,64,412,3.03188709,0.0,SAAS
198,441,64,412,3.03188709,0.0,SABR
198,441,64,412,3.03188709,0.0,SAGE
198,441,64,412,3.03188709,0.0,SAMG
198,441,64,412,3.03188709,0.0,SAN
198,441,64,413,3.03188709,0.0,SAP
198,441,64,413,3.03188709,0.0,SASR
198,441,64,413,3.03188709,0.0,SBAC
198,441,64,413,3.03188709,0.0,SBCF
198,441,64,413,3.03188709,0.0,SBCP
198,441,64,413,3.03188709,0.0,SBGI
198,441,64,413,3.03188709,0.0,SBGL
198,442,64,413,3.03188709,0.0,SBNY
199,443,64,413,3.03749119,0.0056041,SBSI
199,443,64,413,3.03749119,0.0,SBUX
199,443,64,414,3.03749119,0.0,SCAI
199,443,64,415,3.04204355,0.00455236,SCD
199,443,64,415,3.04204355,0.0,SCHL
199,443,64,415,3.04204355,0.0,SCHW
199,443,64,416,3.05773894,0.01569539,SCI
199,443,64,416,3.05773894,0.0,SCL
199,443,64,416,3.05773894,0.0,SCMP
199,443,64,416,3.05773894,0.0,SCNB
199,443,64,416,3.05773894,0.0,SCZ
199,443,64,417,3.06128379,0.00354485,SEAS
199,446,64,421,3.0648332,0.00354941,SEIC
199,446,64,421,3.0648332,0.0,SEM
199,446,64,421,3.0648332,0.0,SEP
199,446,64,425,3.0648332,0.0,SF
199,446,64,425,3.0648332,0.0,SFBS
199,446,65,426,3.07794814,0.01311494,SFE
199,446,65,430,3.07794814,0.0,SFUN
199,446,65,432,3.07794814,0.0,SGBK
199,446,65,432,3.07794814,0.0,SGC
199,446,65,432,3.07794814,0.0,SGEN
200,447,65,432,3.08126123,0.00331309,SGF
200,447,65,432,3.08126123,0.0,SGM
200,447,65,432,3.08126123,0.0,SGMO
200,447,65,432,3.08126123,0.0,SGMS
200,447,65,432,3.08126123,0.0,SGYP
200,447,65,432,3.08126123,0.0,SGZA
200,447,65,432,3.08126123,0.0,SHAK
200,447,65,432,3.08126123,0.0,SHG
201,448,65,432,3.08653717,0.00527594,SHI
201,450,65,432,3.08653717,0.0,SHOR
201,450,65,432,3.08653717,0.0,SHPG
201,450,65,432,3.08653717,0.0,SHW
201,450,65,432,3.08653717,0.0,SIFI
201,450,65,432,3.08653717,0.0,SIGI
201,450,65,432,3.08653717,0.0,SIGM
201,450,65,432,3.08653717,0.0,SILC
202,451,65,433,3.08653717,0.0,SINA
202,452,65,433,3.08653717,0.0,SIVB
202,452,65,433,3.08653717,0.0,SIX
202,452,65,433,3.08653717,0.0,SJR
202,452,65,433,3.08653717,0.0,SKX
202,452,65,433,3.08653717,0.0,SKYY
202,452,65,433,3.08653717,0.0,SLAB
202,452,65,433,3.08653717,0.0,SLB
202,452,65,433,3.08653717,0.0,SLF
202,452,65,433,3.08653717,0.0,SLG
202,452,65,434,3.10099616,0.01445899,SLGN
203,453,65,434,3.09613198,-0.00486418,SLMAP
203,453,66,435,3.10011341,0.00398143,SLP
203,453,66,435,3.10011341,0.0,SLVO
203,453,66,435,3.10011341,0.0,SLW
203,453,66,435,3.10011341,0.0,SMBC
203,453,66,435,3.10011341,0.0,SMFG
203,453,66,435,3.10011341,0.0,SMG
203,453,66,436,3.10011341,0.0,SMI
203,453,66,436,3.10011341,0.0,SMLP
203,453,66,436,3.10011341,0.0,SMM
203,453,66,436,3.10011341,0.0,SMRT
203,453,66,436,3.10011341,0.0,SMTC
203,453,66,436,3.10011341,0.0,SNA
203,453,66,436,3.10011341,0.0,SNBC
203,454,66,436,3.1049327,0.00481929,SNC
203,454,66,436,3.1049327,0.0,SNCR
203,454,66,436,3.1049327,0.0,SNE
203,455,66,436,3.09921167,-0.00572103,SNHY
203,456,66,436,3.10125875,0.00204708,SNN
203,456,66,436,3.10125875,0.0,SNP
203,456,66,436,3.10125875,0.0,SNPS
203,456,66,436,3.10125875,0.0,SNTA
203,456,66,436,3.10125875,0.0,SNV
203,456,66,436,3.10125875,0.0,SNX
203,456,66,436,3.10125875,0.0,SNY
203,456,66,436,3.10125875,0.0,SOCL
203,456,66,436,3.10125875,0.0,SODA
203,456,66,436,3.10125875,0.0,SOHU
203,460,66,437,3.11917454,0.01791579,SONA
203,460,66,437,3.11917454,0.0,SONC
203,460,66,437,3.11917454,0.0,SONS
203,460,67,438,3.12245769,0.00328315,SOR
203,460,67,438,3.12245769,0.0,SOXX
203,460,67,438,3.12245769,0.0,SPB
203,460,67,438,3.12245769,0.0,SPE
203,460,67,438,3.12245769,0.0,SPEX
203,462,67,438,3.12245769,0.0,SPH
203,462,67,438,3.12245769,0.0,SPI
203,462,67,438,3.12245769,0.0,SPIL
204,463,67,438,3.12709807,0.00464038,SPLK
204,463,67,438,3.12709807,0.0,SPNC
204,463,67,438,3.12709807,0.0,SPNS
204,463,67,439,3.13895006,0.01185199,SPPI
204,463,67,439,3.13895006,0.0,SPR
204,463,67,439,3.13895006,0.0,SPSC
204,463,67,446,3.13895006,0.0,SQ
204,463,67,446,3.13895006,0.0,SQQQ
204,463,67,446,3.13895006,0.0,SRCE
204,464,67,446,3.13895006,0.0,SRCLP
205,465,67,447,3.14684139,0.00789133,SRE
205,465,67,447,3.14684139,0.0,SREV
205,465,67,447,3.14684139,0.0,SRI
205,465,67,448,3.2327241,0.08588271,SRNE
205,465,67,448,3.2327241,0.0,SRV
205,465,67,448,3.2327241,0.0,SSB
205,465,67,448,3.2327241,0.0,SSD
205,465,67,448,3.2327241,0.0,SSNC
205,465,67,448,3.2327241,0.0,SSRI
205,465,67,448,3.2327241,0.0,SSW
206,466,67,448,3.2315103,-0.0012138,SSW-PD
206,466,67,448,3.2315103,0.0,SSW-PE
206,466,67,448,3.2315103,0.0,ST
206,466,67,448,3.2315103,0.0,STAR
206,466,67,448,3.2315103,0.0,STBA
206,466,67,450,3.2315103,0.0,STC
206,466,67,450,3.2315103,0.0,STE
206,466,67,450,3.2315103,0.0,STFC
206,466,67,450,3.2315103,0.0,STI
206,466,67,452,3.24061902,0.00910872,STL
206,466,67,452,3.24061902,0.0,STM
206,466,67,453,3.26908536,0.02846634,STML
206,466,67,453,3.26908536,0.0,STMP
207,467,67,453,3.27881685,0.00973149,STRP
208,468,67,453,3.27497813,-0.00383872,STRS
208,468,67,453,3.27497813,0.0,STS
208,468,68,454,3.28414548,0.00916735,STT
208,468,68,454,3.28414548,0.0,STWD
208,468,68,454,3.28414548,0.0,STZ
208,470,69,455,3.30296133,0.01881585,SUN
208,470,71,457,3.31413463,0.0111733,SUNW
208,470,71,457,3.31413463,0.0,SVU
209,471,71,457,3.3209606,0.00682597,SVVC
209,471,71,457,3.3209606,0.0,SWC
209,471,71,458,3.31616527,-0.00479533,SWH
209,471,71,458,3.31616527,0.0,SWJ
210,472,71,458,3.32242924,0.00626397,SWK
211,473,71,458,3.32819294,0.0057637,SWKS
211,475,71,458,3.32819294,0.0,SXI
211,475,71,458,3.32819294,0.0,SXT
211,475,71,458,3.32819294,0.0,SYBT
212,476,71,458,3.33572809,0.00753515,SYF
212,476,71,458,3.33572809,0.0,SYK
212,476,71,458,3.33572809,0.0,SYKE
212,476,71,458,3.33572809,0.0,SYMC
212,476,71,458,3.33572809,0.0,SYNA
212,476,71,458,3.33572809,0.0,SYNT
212,476,71,458,3.33572809,0.0,SYX
212,476,73,460,3.346735,0.01100691,SZC
212,478,73,460,3.346735,0.0,TACT
212,478,73,462,3.346735,0.0,TANO
212,478,73,462,3.346735,0.0,TAP
212,478,73,462,3.346735,0.0,TAP.A
212,478,73,462,3.346735,0.0,TAPR
212,479,73,462,3.346735,0.0,TBBK
212,479,73,462,3.346735,0.0,TBI
212,479,73,462,3.346735,0.0,TBK
213,480,73,462,3.35675178,0.01001678,TCB
213,480,73,462,3.35675178,0.0,TCBI
213,480,73,462,3.35675178,0.0,TCBIL
213,480,73,462,3.35675178,0.0,TCBIP
213,480,73,462,3.35675178,0.0,TCBK
213,480,73,462,3.35675178,0.0,TCRZ
213,480,73,465,3.35675178,0.0,TD
213,483,73,465,3.35675178,0.0,TDE
213,483,73,465,3.35675178,0.0,TDF
213,483,73,467,3.35675178,0.0,TDIV
213,483,73,467,3.35675178,0.0,TDJ
213,483,73,467,3.35675178,0.0,TDS
213,484,73,467,3.35675178,0.0,TDY
213,484,73,467,3.35675178,0.0,TECD
213,485,73,467,3.35675178,0.0,TECH
213,485,73,467,3.35675178,0.0,TEF
215,488,73,467,3.39644909,0.03969731,TEL
215,488,73,467,3.39644909,0.0,TEN
215,492,73,467,3.39644909,0.0,TER
215,495,73,467,3.39644909,0.0,TEVA
215,495,73,467,3.39644909,0.0,TFSL
215,496,73,467,3.40009307,0.00364398,TFX
216,497,73,468,3.40009307,0.0,TGD
216,497,73,468,3.40009307,0.0,TGH
216,499,73,468,3.40009307,0.0,TGNA
216,499,73,468,3.40009307,0.0,TGTX
216,503,73,470,3.40009307,0.0,THG
216,503,74,471,3.38409273,-0.01600034,THLD
216,503,74,471,3.38409273,0.0,THM
216,505,74,471,3.38409273,0.0,THQ
217,506,74,471,3.40020758,0.01611485,THRM
217,506,74,471,3.40020758,0.0,THW
217,506,74,471,3.40020758,0.0,TI
217,506,74,471,3.40020758,0.0,TIF
217,506,74,471,3.40020758,0.0,TILE
218,507,74,471,3.39644346,-0.00376412,TIME
218,507,74,472,3.41302625,0.01658279,TISI
218,507,74,472,3.41302625,0.0,TJX
218,507,74,472,3.41302625,0.0,TLGT
218,507,74,472,3.41302625,0.0,TLI
218,507,74,472,3.41302625,0.0,TLMR
218,507,74,472,3.41302625,0.0,TLT
218,507,74,472,3.41302625,0.0,TM
219,508,74,472,3.45643874,0.04341249,TMHC
219,508,75,473,3.45346206,-0.00297668,TMK
219,508,75,473,3.45346206,0.0,TMO
219,508,75,473,3.45346206,0.0,TMP
219,508,75,473,3.45346206,0.0,TMUS
219,508,75,473,3.45346206,0.0,TMUSP
220,509,75,473,3.45631242,0.00285036,TNET
220,509,75,473,3.45631242,0.0,TNGO
220,509,75,474,3.49545233,0.03913991,TNP
220,509,75,474,3.49545233,0.0,TOL
220,509,75,474,3.49545233,0.0,TOT
220,509,75,476,3.49545233,0.0,TOWN
220,509,75,476,3.49545233,0.0,TOWR
220,509,75,476,3.49545233,0.0,TPH
220,509,75,476,3.49545233,0.0,TPHS
220,509,75,476,3.49545233,0.0,TPX
220,509,75,476,3.49545233,0.0,TPZ
220,509,75,476,3.49545233,0.0,TQQQ
220,509,75,476,3.49545233,0.0,TRC
220,509,75,476,3.49545233,0.0,TREX
220,509,75,476,3.49545233,0.0,TRI
220,509,75,476,3.49545233,0.0,TRIL
220,509,75,476,3.49545233,0.0,TRK
220,509,76,477,3.50335743,0.0079051,TRMB
220,509,76,477,3.50335743,0.0,TRMK
220,509,76,477,3.50335743,0.0,TRMR
220,509,76,477,3.50335743,0.0,TRNO
220,509,76,478,3.51187051,0.00851308,TROW
220,509,76,479,3.50546023,-0.00641028,TRR
220,509,76,479,3.50546023,0.0,TRS
220,509,76,479,3.50546023,0.0,TRST
220,509,76,479,3.50546023,0.0,TRU
221,510,76,479,3.5061341,0.00067387,TRV
221,510,76,479,3.5061341,0.0,TSC
221,510,76,479,3.5061341,0.0,TSCO
222,511,76,479,3.52162737,0.01549327,TSE
222,511,77,481,3.53913216,0.01750479,TSEM
222,514,77,481,3.53913216,0.0,TSLF
222,514,78,483,3.53742715,-0.00170501,TSLX
222,514,78,483,3.53742715,0.0,TSM
222,514,78,483,3.53742715,0.0,TSO
223,515,78,483,3.5286699,-0.00875725,TSRA
223,515,78,483,3.5286699,0.0,TSS
223,515,78,483,3.5286699,0.0,TTC
223,515,78,483,3.5286699,0.0,TTEC
223,515,78,483,3.5286699,0.0,TTEK
223,515,78,483,3.5286699,0.0,TTF
223,515,78,483,3.5286699,0.0,TTGT
223,515,78,483,3.5286699,0.0,TTM
223,515,78,483,3.5286699,0.0,TTP
223,515,78,484,3.53728846,0.00861856,TTS
223,515,78,484,3.53728846,0.0,TTWO
224,516,78,484,3.52080457,-0.01648389,TUBE
224,516,78,484,3.52080457,0.0,TUSA
224,516,78,485,3.52080457,0.0,TUTI
224,516,78,485,3.52080457,0.0,TUTT
224,516,78,485,3.52080457,0.0,TV
224,516,78,485,3.52080457,0.0,TVIX
224,516,78,485,3.52080457,0.0,TVIZ
224,519,78,485,3.52080457,0.0,TWN
224,519,78,485,3.52080457,0.0,TXN
224,519,78,485,3.52080457,0.0,TXT
225,520,78,485,3.52178166,0.00097709,TY
227,522,78,485,3.5251422,0.00336054,TYC
227,522,78,485,3.5251422,0.0,TYG
227,522,78,486,3.54141545,0.01627325,TYL
227,522,78,486,3.54141545,0.0,TYPE
227,522,78,488,3.57453436,0.03311891,UA
227,522,78,488,3.57453436,0.0,UAL
227,522,78,488,3.57453436,0.0,UAM
227,522,78,488,3.57453436,0.0,UBIO
227,522,78,488,3.57453436,0.0,UBNK
228,524,78,488,3.58352566,0.0089913,UBNT
228,524,78,488,3.58352566,0.0,UBS
228,524,78,488,3.58352566,0.0,UBSH
228,524,78,488,3.58352566,0.0,UBSI
228,524,78,488,3.58352566,0.0,UCBI
228,525,78,488,3.59019235,0.00666669,UCFC
228,525,78,488,3.59019235,0.0,UFPI
228,525,78,488,3.59019235,0.0,UFPT
228,525,78,488,3.59019235,0.0,UFS
228,525,78,488,3.59019235,0.0,UGLD
228,525,78,488,3.59019235,0.0,UHAL
228,525,78,490,3.59019235,0.0,UL
228,525,78,490,3.59019235,0.0,ULTA
228,525,78,490,3.59019235,0.0,ULTI
228,525,78,490,3.59019235,0.0,UMBF
228,525,78,490,3.59019235,0.0,UMC
228,525,78,490,3.59019235,0.0,UMPQ
228,527,78,490,3.59019235,0.0,UNH
228,527,78,490,3.59019235,0.0,UNM
228,527,78,490,3.59019235,0.0,UNP
228,527,78,490,3.59019235,0.0,UNTY
228,527,78,490,3.59019235,0.0,UPRO
229,528,78,490,3.58343842,-0.00675393,UPS
229,531,78,490,3.58343842,0.0,USA
229,531,78,490,3.58343842,0.0,USAT
229,531,78,490,3.58343842,0.0,USB
229,531,78,490,3.58343842,0.0,USCR
229,531,78,490,3.58343842,0.0,USG
229,531,78,490,3.58343842,0.0,USLB
229,531,78,491,3.60345801,0.02001959,USLV
229,531,78,492,3.61640319,0.01294518,USNA
229,531,78,492,3.61640319,0.0,UTEK
229,531,78,492,3.61640319,0.0,UTG
229,531,78,492,3.61640319,0.0,UTHR
229,531,78,492,3.61640319,0.0,UTX
229,532,78,492,3.61640319,0.0,UVSP
230,533,78,494,3.61805881,0.00165562,UZC
230,533,78,494,3.61805881,0.0,V
230,533,78,494,3.61805881,0.0,VAC
230,533,78,494,3.61805881,0.0,VAL
230,533,78,494,3.61805881,0.0,VALX
230,533,78,494,3.61805881,0.0,VAR
231,534,78,494,3.62703221,0.0089734,VBF
231,534,78,494,3.62703221,0.0,VBND
231,534,78,494,3.62703221,0.0,VBTX
231,534,78,494,3.62703221,0.0,VC
231,534,78,494,3.62703221,0.0,VCIT
231,534,78,494,3.62703221,0.0,VCLT
231,534,78,494,3.62703221,0.0,VCRA
231,534,78,494,3.62703221,0.0,VCSH
231,534,78,494,3.62703221,0.0,VDSI
231,534,78,494,3.62703221,0.0,VDTH
231,534,78,494,3.62703221,0.0,VECO
232,535,78,494,3.63834597,0.01131376,VEDL
232,535,78,494,3.63834597,0.0,VEEV
234,537,78,494,3.67041356,0.03206759,VFC
234,537,78,494,3.67041356,0.0,VG
234,537,78,494,3.67041356,0.0,VGIT
234,537,78,494,3.67041356,0.0,VGLT
234,537,78,494,3.67041356,0.0,VGSH
234,537,78,494,3.67041356,0.0,VGZ
234,537,78,494,3.67041356,0.0,VIAB
234,537,78,495,3.67660553,0.00619197,VIAV
234,537,78,495,3.67660553,0.0,VICL
234,537,78,495,3.67660553,0.0,VIDI
234,537,78,495,3.67660553,0.0,VIIX
234,537,78,495,3.67660553,0.0,VIPS
234,537,78,495,3.67660553,0.0,VISI
234,537,78,495,3.67660553,0.0,VISN
235,538,78,495,3.68168168,0.00507615,VIVO
235,538,78,495,3.68168168,0.0,VKQ
235,538,78,495,3.68168168,0.0,VLGEA
235,538,79,496,3.70564222,0.02396054,VLO
236,539,79,496,3.69807462,-0.0075676,VLRS
236,539,79,496,3.69807462,0.0,VLT
236,539,79,496,3.69807462,0.0,VLY
236,539,79,496,3.69807462,0.0,VMBS
236,539,79,496,3.69807462,0.0,VMC
236,539,79,496,3.69807462,0.0,VMEM
237,540,79,497,3.70564064,0.00756602,VMI
237,540,79,497,3.70564064,0.0,VMW
237,540,79,497,3.70564064,0.0,VNDA
237,540,79,498,3.70602356,0.00038292,VNO-PG
237,540,79,498,3.70602356,0.0,VNO-PI
237,540,79,498,3.70602356,0.0,VNO-PK
238,541,79,498,3.70369621,-0.00232735,VNO-PL
238,541,79,498,3.70369621,0.0,VNQI
238,541,79,498,3.70369621,0.0,VNTV
238,543,79,498,3.70369621,0.0,VONE
239,544,79,498,3.70991956,0.00622335,VONG
239,544,79,498,3.70991956,0.0,VONV
239,544,79,499,3.71374691,0.00382735,VOYA
239,544,79,499,3.71374691,0.0,VPG
239,544,79,499,3.71374691,0.0,VR
239,544,79,499,3.71374691,0.0,VRNS
239,544,79,499,3.71374691,0.0,VRNT
239,544,79,499,3.71374691,0.0,VRSK
239,544,79,499,3.71374691,0.0,VRSN
239,544,79,499,3.71374691,0.0,VRTU
239,544,79,499,3.71374691,0.0,VRTV
239,544,79,499,3.71374691,0.0,VRTX
239,544,79,499,3.71374691,0.0,VSAR
239,544,79,499,3.71374691,0.0,VSEC
240,545,79,499,3.67771452,-0.03603239,VSH
240,545,79,499,3.67771452,0.0,VSI
240,545,80,500,3.68818582,0.0104713,VSLR
240,545,80,500,3.68818582,0.0,VTHR
240,545,80,501,3.6887907,0.00060488,VTIP
240,545,80,501,3.6887907,0.0,VTL
240,545,80,501,3.6887907,0.0,VTRB
240,545,80,501,3.6887907,0.0,VTVT
240,545,80,501,3.6887907,0.0,VTWG
240,545,80,501,3.6887907,0.0,VTWO
240,545,80,501,3.6887907,0.0,VTWV
240,545,80,501,3.6887907,0.0,VUSE
240,545,81,502,3.69010178,0.00131108,VVI
240,545,81,502,3.69010178,0.0,VVR
240,545,81,502,3.69010178,0.0,VWR
240,545,81,502,3.69010178,0.0,VXDN
240,545,81,502,3.69010178,0.0,VXUP
240,545,81,502,3.69010178,0.0,VXUS
240,545,81,503,3.6956493,0.00554752,WAB
240,545,81,503,3.6956493,0.0,WABC
240,545,81,503,3.6956493,0.0,WAFD
241,546,81,503,3.70852391,0.01287461,WAGE
242,547,81,503,3.71970786,0.01118395,WAL
242,547,81,503,3.71970786,0.0,WASH
242,547,81,503,3.71970786,0.0,WAT
242,548,81,503,3.71970786,0.0,WBA
242,548,81,503,3.71970786,0.0,WBC
242,548,81,503,3.71970786,0.0,WBK
242,548,81,503,3.71970786,0.0,WBS
243,549,81,503,3.71894947,-0.00075839,WCG
243,549,81,503,3.71894947,0.0,WCIC
244,550,81,503,3.72394154,0.00499207,WD
244,550,81,503,3.72394154,0.0,WDAY
244,550,81,503,3.72394154,0.0,WDC
245,552,81,503,3.75191188,0.02797034,WDFC
245,552,81,506,3.75191188,0.0,WES
245,552,81,506,3.75191188,0.0,WETF
245,552,81,506,3.75191188,0.0,WEX
245,552,81,506,3.75191188,0.0,WEYS
245,552,81,506,3.75191188,0.0,WF
245,552,81,506,3.75191188,0.0,WFBI
245,552,81,506,3.75191188,0.0,WFC
245,552,81,506,3.75191188,0.0,WFC-PJ
245,552,81,506,3.75191188,0.0,WFD
245,552,81,506,3.75191188,0.0,WGO
245,552,81,506,3.75191188,0.0,WGP
245,552,81,507,3.76804591,0.01613403,WHG
247,554,81,507,3.79167284,0.02362693,WHR
247,554,81,507,3.79167284,0.0,WIBC
247,555,81,507,3.79617735,0.00450451,WIFI
247,555,81,507,3.79617735,0.0,WINA
247,555,81,508,3.79807165,0.0018943,WIRE
247,555,81,508,3.79807165,0.0,WIT
247,555,81,508,3.79807165,0.0,WK
247,555,81,508,3.79807165,0.0,WLDN
247,555,81,508,3.79807165,0.0,WLFC
247,555,81,508,3.79807165,0.0,WLH
247,555,81,508,3.79807165,0.0,WLTW
247,555,81,508,3.79807165,0.0,WM
247,555,81,510,3.79807165,0.0,WMIH
247,555,81,511,3.80292516,0.00485351,WMS
247,556,81,513,3.81458358,0.01165842,WNRL
247,556,81,516,3.81458358,0.0,WOOD
247,556,81,516,3.81458358,0.0,WOOF
247,556,81,516,3.81458358,0.0,WPC
248,557,81,516,3.81543844,0.00085486,WPPGY
248,558,81,516,3.81543844,0.0,WPXP
248,558,81,516,3.81543844,0.0,WRB
248,558,81,516,3.81543844,0.0,WRI
248,560,81,516,3.81543844,0.0,WSBC
248,560,81,516,3.81543844,0.0,WSBF
248,560,81,516,3.81543844,0.0,WSFS
248,560,81,516,3.81543844,0.0,WST
248,560,81,516,3.81543844,0.0,WSTC
248,560,81,516,3.81543844,0.0,WTBA
248,560,81,516,3.81543844,0.0,WTFC
248,561,81,516,3.81649166,0.00105322,WTFCM
249,563,81,516,3.82939125,0.01289959,WTS
249,563,81,516,3.82939125,0.0,WU
249,563,82,517,3.86255289,0.03316164,WUBA
249,563,82,517,3.86255289,0.0,WVFC
249,563,82,517,3.86255289,0.0,WWAV
249,563,82,517,3.86255289,0.0,WWD
249,563,82,517,3.86255289,0.0,WWE
249,563,82,517,3.86255289,0.0,WY
249,563,82,517,3.86255289,0.0,WYN
249,563,82,517,3.86255289,0.0,XCRA
249,563,82,517,3.86255289,0.0,XEC
249,563,82,517,3.86255289,0.0,XIN
251,565,82,517,3.9017736,0.03922071,XIV
251,565,82,517,3.9017736,0.0,XL
251,565,82,517,3.9017736,0.0,XLNX
252,566,82,517,3.95263958,0.05086598,XLRN
252,566,82,517,3.95263958,0.0,XNCR
252,566,82,517,3.95263958,0.0,XNET
252,566,82,517,3.95263958,0.0,XNPT
252,566,82,517,3.95263958,0.0,XNY
252,566,82,517,3.95263958,0.0,XOM
252,566,82,517,3.95263958,0.0,XON
252,566,82,517,3.95263958,0.0,XOXO
252,566,82,518,3.95263958,0.0,XPO
252,566,82,518,3.95263958,0.0,XRA
252,566,82,518,3.95263958,0.0,XRM
252,566,82,519,3.96126032,0.00862074,XRX
253,567,82,519,3.96374479,0.00248447,XTLY
253,567,82,519,3.96374479,0.0,XXIA
253,567,82,519,3.96374479,0.0,XYL
253,567,82,520,3.97259389,0.0088491,Y
253,567,82,520,3.97259389,0.0,YDKN
253,567,82,520,3.97259389,0.0,YGE
253,567,82,520,3.97259389,0.0,YHOO
253,567,82,521,3.97331164,0.00071775,YLCO
253,567,82,521,3.97331164,0.0,YPF
253,567,82,521,3.97331164,0.0,YRCW
254,568,82,521,4.00995032,0.03663868,YRD
254,568,82,521,4.00995032,0.0,YUM
254,568,82,521,4.00995032,0.0,YZC
254,568,82,521,4.00995032,0.0,ZAIS
254,569,82,521,4.00995032,0.0,ZB-PA
254,569,82,521,4.00995032,0.0,ZBH
254,569,83,522,4.07288939,0.06293907,ZBIO
254,569,83,522,4.07288939,0.0,ZBRA
254,569,83,522,4.07288939,0.0,ZEN
254,569,83,522,4.07288939,0.0,ZF
254,569,83,522,4.07288939,0.0,ZGNX
254,569,83,522,4.07288939,0.0,ZION
254,569,83,522,4.07288939,0.0,ZIONW
254,569,83,522,4.07288939,0.0,ZIOP
254,569,83,522,4.07288939,0.0,ZIV
254,569,83,522,4.07288939,0.0,ZIXI
254,569,83,522,4.07288939,0.0,ZLTQ
254,569,83,522,4.07288939,0.0,ZNGA
254,569,83,522,4.07288939,0.0,ZNH
255,570,83,522,4.08721079,0.0143214,ZOES
255,570,83,522,4.08721079,0.0,ZTR
255,570,83,522,4.08721079,0.0,ZTS
